anon_id;data;prev_pokazanie;pokazanie;rashod
2491162;2026-07-10;3006867.7173;380.814286;-3006486.903014
8908023;2026-09-08;2684367.7915;1.049375;-2684366.742125
2159987;2025-10-19;3264.18;315.12;-2949.06
7891133;2025-10-19;2529.97;236.581;-2293.389
8190741;2026-02-06;1927.2;615.774;-1311.426
1423304;2026-09-13;1797.0985;486.25275;-1310.84575
7293232;2026-04-17;2007.9;697.1;-1310.8
5704914;2026-03-01;1646.05;335.267;-1310.783
2030325;2026-09-23;1635.73;324.965;-1310.765
5905051;2025-11-27;1536.68;225.928;-1310.752
2030325;2026-08-12;1635.686364;324.944444;-1310.741919
8190741;2026-01-23;1599.28;615.774;-983.506
6025274;2026-01-22;2911.03;1927.634;-983.396
9875716;2026-02-18;1888.19;904.851;-983.339
2351232;2026-04-26;1388.58;405.309;-983.271
3281821;2026-07-06;1400.138333;416.878;-983.260333
6949939;2026-05-03;1374.5;391.246;-983.254
9487974;2026-02-13;1552.47;569.25;-983.22
1023776;2026-07-03;1779.691765;796.504286;-983.187479
4964924;2026-09-23;1281.992727;298.807;-983.185727
6778798;2025-10-15;1232.29;249.11;-983.18
9487974;2026-01-16;1552.42;569.25;-983.17
7293232;2026-04-03;1680.24;697.1;-983.14
7293232;2026-04-10;1680.24;697.1;-983.14
6949939;2026-04-19;1374.38;391.246;-983.134
5704914;2026-02-21;1318.39;335.267;-983.123
1423304;2026-09-20;1469.375;486.25275;-983.12225
2351232;2026-04-19;1388.43;405.309;-983.121
6778798;2025-10-08;1232.2;249.11;-983.09
1423304;2026-09-02;1469.31;486.228;-983.082
2030325;2026-07-22;1308.07;324.98875;-983.08125
7293232;2026-03-20;1680.18;697.101;-983.079
2030325;2026-09-30;1308.049091;324.975769;-983.073322
5115252;2025-10-09;1204.26;221.203;-983.057
2030325;2026-09-09;1308.038333;324.994231;-983.044103
2859628;2026-09-23;1402.915833;419.9;-983.015833
2030325;2026-09-16;1307.99;325.04;-982.95
8190741;2026-01-31;1599.16;616.21;-982.95
8498147;2026-09-25;1332.1;349.209529;-982.890471
7293232;2026-03-27;1680.31;729.868;-950.442
9456566;2026-09-19;1030.761429;94.594667;-936.166762
1492831;2026-09-24;1398.672;612.145;-786.527
1492831;2026-09-17;1390.5075;612.172417;-778.335083
8190741;2026-01-16;1271.68;615.774;-655.906
8190741;2026-01-09;1271.36;615.774;-655.586
9487974;2026-01-23;1224.81;569.25;-655.56
8190741;2026-01-02;1271.32;615.774;-655.546
9487974;2026-01-30;1224.79;569.25;-655.54
1023776;2026-06-19;1452.02;796.487;-655.533
9487974;2026-02-06;1224.78;569.25;-655.53
8222297;2025-12-05;1129.78;474.253;-655.527
6949939;2026-04-12;1046.76;391.246;-655.514
6949939;2026-04-05;1046.75;391.246;-655.504
6949939;2026-04-26;1046.75;391.246;-655.504
1423304;2026-09-27;1141.768889;486.270824;-655.498065
4964924;2026-09-30;954.265385;298.807;-655.458385
5704914;2026-02-14;990.72;335.267;-655.453
5905051;2025-12-02;881.38;225.928;-655.452
9435441;2026-05-22;749.77;94.343;-655.427
2519659;2026-01-16;728.13;72.726;-655.404
2030325;2026-08-26;980.394615;324.993182;-655.401434
3832684;2026-02-22;738.72;83.321;-655.399
2030325;2026-08-17;1264.314667;608.918667;-655.396
9456566;2026-09-26;749.945;94.552667;-655.392333
5359103;2026-07-10;1030.098571;374.707895;-655.390677
6778798;2025-10-22;904.5;249.11;-655.39
3832684;2026-02-08;738.71;83.321;-655.389
3832684;2026-02-15;738.7;83.321;-655.379
4226606;2026-03-23;710.21;54.838;-655.372
3832684;2026-03-15;738.68;83.321;-655.359
9435441;2026-05-08;749.7;94.343;-655.357
8953379;2026-09-23;1225.37;570.015;-655.355
5359103;2026-05-08;1024.97;369.634;-655.336
2030325;2026-09-02;980.355385;325.021923;-655.333462
2030325;2026-07-29;980.362308;325.03375;-655.328558
2030325;2026-08-05;980.325;325.017;-655.308
8973572;2025-10-21;722.94;67.681;-655.259
3332300;2026-08-31;1066.299333;411.0795;-655.219833
7826125;2025-10-06;655.63;0.514;-655.116
5115252;2025-10-02;876.76;253.971;-622.789
9487974;2026-01-07;897.03;569.089;-327.941
1698800;2026-06-04;886.83;558.948;-327.882
1492831;2026-09-10;939.99;612.117;-327.873
2351232;2026-04-09;733.16;405.309;-327.851
1698800;2026-05-28;886.79;558.948;-327.842
7891133;2026-08-23;621.305;293.467;-327.838
5359103;2026-07-03;702.45;374.625;-327.825
2351232;2026-04-12;733.08;405.309;-327.771
9487974;2026-01-09;896.96;569.209;-327.751
2519659;2026-01-02;400.47;72.726;-327.744
4226606;2026-03-16;382.58;54.838;-327.742
5817786;2026-04-30;394.19;66.458;-327.732
2491162;2026-07-16;708.51;380.779;-327.731
3832684;2026-02-28;411.04;83.321;-327.719
2030325;2026-07-15;652.683;324.97375;-327.70925
5317621;2026-04-30;410.88;83.191;-327.689
5115252;2025-10-12;548.89;221.203;-327.687
2030325;2026-08-19;652.680714;324.996923;-327.683791
8953379;2026-09-16;897.69;570.015;-327.675
8953379;2026-09-30;897.69;570.015;-327.675
6316651;2026-01-25;403.33;75.658;-327.672
8305637;2026-08-07;398.223846;70.5564;-327.667446
8498147;2026-09-18;676.72;349.064222;-327.655778
2569627;2026-01-19;471.32;143.683;-327.637
3418502;2026-08-28;386.26;58.624;-327.636
5905051;2026-09-04;553.98;226.345529;-327.634471
5614222;2026-09-28;779.890312;452.319;-327.571312
5704914;2026-04-10;663.91;336.369;-327.541
7508199;2026-04-22;721.27;393.763;-327.507
8907410;2025-10-07;657.04;329.553;-327.487
3240435;2026-08-26;697.851765;370.409786;-327.441979
8222297;2026-02-21;808.54;481.144;-327.396
9317608;2026-07-05;909.031892;581.649273;-327.382619
6372413;2026-09-23;414.208;86.852308;-327.355692
8190741;2026-03-06;946.7;619.36;-327.34
2665800;2025-11-10;3453.96;3127.47;-326.49
5927111;2026-07-01;6505.96;6182.918;-323.042
5317621;2026-04-27;410.88;115.959;-294.921
2859628;2026-09-16;714.84;419.933;-294.907
7826125;2026-02-14;327.7;32.795;-294.905
2409777;2026-04-28;328.19;33.314;-294.876
2647530;2026-06-22;329.24;34.415;-294.825
7826125;2025-10-13;327.75;33.05;-294.7
6958101;2025-10-17;331.76;42.4;-289.36
4964924;2026-09-16;517.269;298.807;-218.462
2983464;2025-10-18;169;16.95;-152.05
8148916;2025-10-18;143.1;14.35;-128.75
6958101;2025-10-18;42.4;4.5;-37.9
7726046;2025-10-18;38.2;3.838;-34.362
7826125;2025-10-26;32.795;0.027;-32.768
7826125;2026-02-21;32.795;0.027;-32.768
5317621;2026-04-28;115.959;83.21;-32.749
5115252;2025-10-03;253.971;221.29;-32.681
7826125;2025-10-14;33.05;0.37;-32.68
7293232;2026-03-28;729.868;697.19;-32.678
2647530;2026-06-23;34.415;1.97;-32.445
9875716;2026-02-11;905.47;904.851;-0.619
8190741;2026-01-11;616.3;615.774;-0.526
1063500;2026-08-16;0.534;0.032;-0.502
3228151;2026-07-05;0.534;0.032;-0.502
3228151;2026-08-09;0.534;0.032;-0.502
3228151;2026-08-28;0.534;0.032;-0.502
8588204;2026-09-18;0.534;0.032;-0.502
6244261;2026-08-14;0.534;0.032;-0.502
8439264;2026-09-27;0.534;0.032;-0.502
2709217;2026-09-13;0.534;0.032;-0.502
1423304;2026-09-06;486.55;486.228;-0.322
3281821;2026-06-29;417.08;416.878;-0.202
7293232;2026-03-13;697.22;697.1;-0.12
6025274;2026-02-14;1928.317;1928.204;-0.113
6025274;2026-02-23;1928.609;1928.497;-0.112
4720145;2026-06-13;150.488;150.42;-0.068
2519659;2026-01-09;72.79;72.726;-0.064
3724951;2026-02-27;131.21;131.164;-0.046
6778798;2025-10-18;249.15;249.11;-0.04
7931977;2025-12-18;143.914;143.887;-0.027
7931977;2025-12-20;143.913;143.887;-0.026
7931977;2025-12-13;143.916;143.894;-0.022
7931977;2025-12-23;143.91;143.891;-0.019
8538619;2026-02-07;0.08;0.063;-0.017
7931977;2025-12-11;143.919;143.904;-0.015
2735490;2026-08-07;41.015;41.001;-0.014
1120133;2026-09-11;268.326;268.312;-0.014
3831135;2025-12-06;191.822;191.81;-0.012
7931977;2025-12-22;143.92;143.91;-0.01
1835380;2026-04-06;133.18;133.17;-0.01
9435441;2026-04-24;94.35;94.343;-0.007
1120133;2026-09-23;269.147;269.14;-0.007
3917499;2026-09-23;34.775;34.768;-0.007
7931977;2025-12-15;143.913;143.907;-0.006
7931977;2025-12-24;143.891;143.885;-0.006
3917499;2026-04-07;26.139;26.135;-0.004
3917499;2026-04-17;26.142;26.138;-0.004
6932845;2026-09-24;34.322;34.318;-0.004
2666699;2026-04-05;9.452;9.448;-0.004
2224075;2026-09-16;213.106;213.103;-0.003
7808335;2026-03-13;29.662;29.66;-0.002
9303988;2026-05-12;111.012;111.01;-0.002
5912415;2026-04-06;24.042;24.04;-0.002
2735490;2026-04-19;33.066;33.064;-0.002
3917499;2026-04-11;26.139;26.137;-0.002
3917499;2026-04-19;26.138;26.136;-0.002
3362448;2026-09-13;3.63;3.628;-0.002
2161582;2026-07-29;51.002;51;-0.002
2735490;2026-04-16;33.066;33.065;-0.001
3917499;2026-04-20;26.136;26.135;-0.001
3917499;2026-09-19;34.768;34.767;-0.001
3917499;2026-09-24;34.768;34.767;-0.001
3917499;2026-10-01;34.768;34.767;-0.001
5529702;2026-08-20;13.018;13.017;-0.001