anon_id;abs_spike_days;max_abs_rashod;relative_spike_days;max_relative_rashod;max_multiple;baseline_median
2491162;8;3005503.868209;8;3005503.868209;15572558.902638;0.193
8908023;2;2684039.253239;2;2684039.253239;28923241.550543;0.092799
2159987;2;2834.77;2;2834.77;17814.982359;0.159123
7891133;4;2124.96;4;2124.96;11184.0;0.19
8973572;2;608.136;2;608.136;20271.2;0.03
5359103;4;530.317143;4;530.317143;4456.446579;0.119
2030325;48;425.916;48;425.916;5794.77551;0.0735
4964924;10;401.047026;17;401.047026;3342.058547;0.12
7247006;2;364.053333;2;364.053333;7281.066667;0.05
8498147;9;363.971111;29;363.971111;3639.711111;0.1
1423304;21;343.224762;21;343.224762;2451.605442;0.14
5927111;127;332.058;2;332.058;119.703677;2.774
9317608;3;328.139;3;328.139;766.881416;0.427888
8190741;20;327.996;20;327.996;1024.9875;0.32
5704914;11;327.953;11;327.953;2981.390909;0.11
6958101;1;327.876;5;327.876;2157.078947;0.152
9487974;14;327.871;14;327.871;1425.526087;0.23
6372413;1;327.833714;0;;;
2647530;1;327.811;1;327.811;1237.887692;0.264815
7508199;6;327.802;5;327.802;1040.64127;0.315
5115252;6;327.797;6;327.797;4313.118421;0.076
5905051;8;327.752909;8;327.752909;5462.548485;0.06
8305637;1;327.681;1;327.681;18331.804196;0.017875
8953379;4;327.68;4;327.68;32768.0;0.01
6778798;8;327.68;8;327.68;6553.6;0.05
5317621;3;327.679;3;327.679;17246.263158;0.019
2859628;6;327.677;9;327.677;3640.855556;0.09
7826125;5;327.673;5;327.673;2730.608333;0.12
9435441;3;327.67;3;327.67;19858.787879;0.0165
4226606;2;327.67;2;327.67;16383.5;0.02
6316651;1;327.67;1;327.67;16383.5;0.02
2519659;4;327.67;4;327.67;8191.75;0.04
3832684;9;327.67;9;327.67;7620.232558;0.043
7293232;16;327.67;16;327.67;2501.29771;0.131
3332300;2;327.67;2;327.67;2463.684211;0.133
6949939;11;327.67;11;327.67;2047.9375;0.16
2351232;9;327.67;9;327.67;1988.077376;0.164818
6025274;3;327.67;3;327.67;496.093868;0.6605
9456566;7;327.665333;7;327.665333;5461.088889;0.06
7931977;1;327.66;1;327.66;16383.0;0.02
6251706;2;327.66;2;327.66;3995.853659;0.082
1698800;4;327.66;4;327.66;3276.6;0.1
1023776;7;327.66;7;327.66;1582.898551;0.207
3281821;5;327.65;5;327.65;1752.139037;0.187
8222297;2;327.65;2;327.65;1330.460497;0.246268
3418502;1;327.628333;1;327.628333;14244.710145;0.023
5817786;2;327.62;2;327.62;8190.5;0.04
2569627;1;327.615;1;327.615;6552.3;0.05
9875716;6;327.59;3;327.59;665.15736;0.4925
2665800;13;327.59;1;327.59;327.820049;0.999298
1184793;2;294.87875;2;294.87875;3709.166667;0.0795
1492831;10;286.6925;10;286.6925;1630.613073;0.175819
3240435;2;163.824815;2;163.824815;660.583931;0.248
2983464;1;152.12;1;152.12;3073.131313;0.0495
8148916;1;128.8;1;128.8;4441.37931;0.029
7726046;1;34.39;1;34.39;1719.5;0.02
8727125;10;29.568;30;29.568;179.2;0.165
5433406;24;22.954;21;22.954;51.153596;0.448727
4945470;176;20.265;0;;;
9277360;161;17.738458;0;;;
2383758;2;12.815;3;12.815;43.514431;0.2945
8309774;12;11.917;12;11.917;43.73211;0.2725
3445926;121;11.181;7;11.181;8.209251;1.362
1380978;10;9.707333;12;9.707333;82.968661;0.117
8260607;8;8.94;12;8.94;67.911015;0.131643
7626821;1;8.4;10;8.4;262.5;0.032
9885380;33;8.0;4;8.0;9.356725;0.855
2657774;1;7.743;3;7.743;86.033333;0.09
6929058;9;7.628;9;7.628;34.206278;0.223
1581018;124;7.292;1;7.292;5.026446;1.450727
2169603;7;7.258025;11;7.258025;89.832744;0.080795
8685569;59;7.017125;1;7.017125;5.622696;1.248
5540392;2;6.81;10;6.81;113.5;0.06
7304195;6;6.772;6;6.772;19.571342;0.346016
7557363;5;6.458;5;6.458;17.790634;0.363
8620255;3;6.293;5;6.293;165.605263;0.038
3347433;1;6.291273;1;6.291273;10.002023;0.629
7093326;114;6.217;0;;;
1171145;81;5.996;0;;;
2589310;45;5.837;0;;;
3743114;45;5.733208;35;5.733208;11.524037;0.4975
8998672;1;5.698;4;5.698;34.11976;0.167
7611765;2;5.695;3;5.695;53.726415;0.106
3027526;1;5.663;1;5.663;63.629213;0.089
8442176;2;5.527636;2;5.527636;15.527068;0.356
1401643;165;5.345;0;;;
7438167;3;5.319;3;5.319;17.399659;0.305696
5234893;12;5.244;3;5.244;9.517241;0.551
6231672;88;5.156;0;;;
3290491;63;5.118;0;;;
4673022;3;4.977;8;4.977;130.973684;0.038
9081974;7;4.754;12;4.754;39.94958;0.119
6155873;7;4.735;7;4.735;16.79078;0.282
4155583;3;4.539;3;4.539;24.535135;0.185
4918146;52;4.5305;0;;;
3077004;1;4.468;5;4.468;54.838908;0.081475
9021438;89;4.462;0;;;
4788930;3;4.448;14;4.448;34.886275;0.1275
4476018;4;4.315;9;4.315;20.110158;0.214568
3761383;74;4.257625;0;;;
6518665;118;4.227;0;;;
3608551;1;3.977;4;3.977;47.628743;0.0835
6661619;1;3.959;1;3.959;7.172101;0.552
1648954;240;3.926;0;;;
2450482;3;3.8585;2;3.8585;6.218372;0.6205
9262156;1;3.83;1;3.83;9.097387;0.421
9131722;1;3.607;2;3.607;15.219409;0.237
5838414;1;3.58;1;3.58;96.015326;0.037286
2803951;33;3.555;0;;;
1606847;180;3.55;0;;;
6374140;5;3.398;16;3.398;30.070796;0.113
8975533;114;3.388;0;;;
7199412;77;3.386632;0;;;
2988291;4;3.374;4;3.374;7.976359;0.423
6868714;1;3.338;1;3.338;278.166667;0.012
3036541;43;3.29;72;3.29;45.028265;0.073065
1278937;12;3.207;47;3.207;31.135922;0.103
2331858;62;3.186;0;;;
1341246;6;3.171;0;;;
5754693;98;3.12;0;;;
1162061;13;3.086;0;;;
3606714;40;3.077;0;;;
7594167;3;3.04;2;3.04;7.169811;0.424
7823655;3;3.02455;10;3.02455;40.872297;0.074
7554572;4;3.0;5;3.0;14.423077;0.208
1359753;3;2.979;5;2.979;14.322115;0.208
1901601;64;2.964;0;;;
6330083;5;2.942;8;2.942;19.483444;0.151
6353750;98;2.941;0;;;
1138644;118;2.8751;0;;;
3347458;1;2.864;1;2.864;85.492537;0.0335
4619913;2;2.834;4;2.834;10.734848;0.264
3788388;15;2.828622;0;;;
3568088;90;2.821106;0;;;
4750133;2;2.797;2;2.797;9.1345;0.306202
6383784;21;2.779;0;;;
1909301;2;2.749067;6;2.749067;35.064626;0.0784
5134263;1;2.655312;10;2.655312;21.073909;0.126
4725354;2;2.628475;2;2.628475;11.281009;0.233
1944961;49;2.624;0;;;
3161059;35;2.62186;0;;;
7766200;4;2.613;8;2.613;17.536913;0.149
3917615;1;2.554;5;2.554;16.327725;0.156421
2148838;3;2.53;6;2.53;33.733333;0.075
5079433;2;2.507;0;;;
2014988;24;2.497;0;;;
1052703;3;2.496;4;2.496;293.647059;0.0085
5198033;28;2.49;0;;;
2836989;3;2.48065;1;2.48065;5.537164;0.448
2358866;1;2.475;2;2.475;12.790698;0.1935
7784695;3;2.448;0;;;
5014670;6;2.44627;6;2.44627;7.916731;0.309
9478788;3;2.41;4;2.41;10.255319;0.235
5871865;3;2.391;3;2.391;11.655292;0.205143
9314190;1;2.378;1;2.378;7.573248;0.314
5856988;11;2.351;24;2.351;13.207865;0.178
2962679;2;2.31825;14;2.31825;50.396739;0.046
5909058;1;2.288;1;2.288;9.862069;0.232
5242286;8;2.269263;0;;;
7041545;6;2.267778;0;;;
4830669;7;2.241;4;2.241;7.003125;0.32
4632401;3;2.215;5;2.215;31.30742;0.07075
2199847;2;2.16256;7;2.16256;13.515997;0.16
1249540;1;2.149;1;2.149;7.19933;0.2985
4582752;4;2.143;0;;;
8475634;3;2.128;1;2.128;5.6;0.38
2979722;1;2.115;1;2.115;8.392857;0.252
5088345;32;2.012;0;;;
3965367;7;2.001;0;;;
5262334;1;1.999;7;1.999;16.658333;0.12
6347187;1;1.999;1;1.999;5.642838;0.354254
3234158;1;1.96;1;1.96;8.521739;0.23
3199070;3;1.957932;10;1.957932;41.11144;0.047625
9185625;1;1.935;10;1.935;14.440299;0.134
7456571;5;1.923;0;;;
8165855;1;1.920508;2;1.920508;24.941658;0.077
9730817;1;1.916;0;;;
6529591;2;1.911;0;;;
9882523;1;1.906061;0;;;
2440580;2;1.889364;0;;;
9719703;7;1.888;0;;;
5077445;2;1.855647;0;;;
9476561;1;1.849;1;1.849;6.289116;0.294
1320679;4;1.84;15;1.84;61.333333;0.03
8497990;2;1.835236;7;1.835236;10.487065;0.175
7793994;1;1.828;10;1.828;19.399184;0.094231
6797500;1;1.822;1;1.822;6.103853;0.2985
3061801;1;1.809;2;1.809;32.204985;0.056171
1391809;1;1.796;1;1.796;13.35316;0.1345
3587823;1;1.793;1;1.793;9.436842;0.19
7043512;2;1.768368;0;;;
9787306;6;1.737;0;;;
8337074;1;1.721;2;1.721;8.374696;0.2055
4201571;1;1.708;1;1.708;5.287818;0.323007
5257291;1;1.708;0;;;
3479467;1;1.703;1;1.703;7.636771;0.223
7606637;1;1.701;3;1.701;14.921053;0.114
4266597;4;1.7;0;;;
4784112;3;1.698;0;;;
2493308;1;1.693;2;1.693;7.801843;0.217
2704749;1;1.670286;0;;;
3573940;1;1.668;3;1.668;8.597938;0.194
7872015;1;1.665508;0;;;
4013308;1;1.665;0;;;
8303398;2;1.66375;0;;;
4991592;1;1.64;2;1.64;11.271478;0.1455
5614222;1;1.64;1;1.64;7.454545;0.22
2789352;1;1.637;0;;;
5084256;1;1.62825;1;1.62825;5.857014;0.278
4116261;1;1.616094;0;;;
4540227;1;1.615;0;;;
7526447;1;1.601;5;1.601;80.05;0.02
6817583;1;1.6;20;1.6;12.526705;0.127727
1905027;1;1.594963;0;;;
3216456;1;1.594;0;;;
2158929;1;1.593733;20;1.593733;55.319669;0.02881
1864174;1;1.592;0;;;
7155390;1;1.576;1;1.576;25.419355;0.062
1376811;1;1.565;1;1.565;7.04955;0.222
2331473;1;1.565;0;;;
6594027;2;1.563636;0;;;
2597486;1;1.561;1;1.561;38.073171;0.041
1773366;1;1.556;3;1.556;59.846154;0.026
3811237;1;1.545652;1;1.545652;8.13501;0.19
3992582;1;1.545625;0;;;
7669147;1;1.544714;0;;;
5733511;1;1.543667;0;;;
7128336;1;1.54;13;1.54;11.711027;0.1315
6065567;1;1.532;1;1.532;61.28;0.025
4026091;1;1.531;0;;;
5842418;1;1.53;0;;;
5190654;1;1.529;0;;;
4881123;0;;2;0.808338;404.169118;0.002
1722080;0;;8;0.865583;86.558333;0.01
5287681;0;;1;0.662;63.047619;0.0105
2655929;0;;4;1.125;56.25;0.02
5484253;0;;1;0.93;46.5;0.02
5379704;0;;2;0.976;44.363636;0.022
2066714;0;;1;0.96;43.636364;0.022
6675553;0;;8;0.801;42.157895;0.019
1297937;0;;2;1.381;39.457143;0.035
1835380;0;;2;0.621;31.05;0.02
4805289;0;;1;0.603;30.15;0.02
6250697;0;;1;0.581;27.666667;0.021
1083915;0;;1;0.601;27.318182;0.022
5650398;0;;7;1.18725;26.982955;0.044
1539336;0;;3;0.699;26.215844;0.026663
3946783;0;;1;0.714;25.897908;0.02757
8349474;0;;5;0.694;25.703704;0.027
1480551;0;;1;0.593;25.234043;0.0235
3315941;0;;1;0.658;24.37037;0.027
9023065;0;;1;0.949641;23.161976;0.041
5905193;0;;1;0.855;22.5;0.038
9746444;0;;2;0.65;21.666667;0.03
3330291;0;;1;0.533;21.32;0.025
1847627;0;;7;1.377;19.671429;0.07
6192312;0;;3;1.070937;19.471579;0.055
2094607;0;;2;1.38;17.806452;0.0775
2106185;0;;2;1.365;17.64355;0.077365
5501020;0;;2;0.588;15.891892;0.037
1675645;0;;1;0.837;15.792453;0.053
7594285;0;;2;1.1;15.714286;0.07
7587131;0;;2;1.025;15.073529;0.068
4833024;0;;1;0.556;14.554974;0.0382
8837466;0;;4;0.944;14.463739;0.065267
1118909;0;;10;0.932;14.203153;0.065619
3190895;0;;51;0.82;13.898305;0.059
8854548;0;;1;1.041;13.519481;0.077
7951890;0;;3;1.1378;13.385882;0.085
6112822;0;;3;1.180324;13.11471;0.09
3577864;0;;1;0.506;12.65;0.04
7654177;0;;1;1.137933;12.643704;0.09
1614327;0;;8;0.666;12.566038;0.053
4072376;0;;8;1.136;12.366495;0.091861
2090291;0;;1;0.665;12.314815;0.054
6508448;0;;5;1.067;12.264368;0.087
5433294;0;;1;1.392;12.104348;0.115
8386951;0;;2;0.585;11.938776;0.049
9064799;0;;2;1.18;11.8;0.1
9194829;0;;2;0.871013;11.770446;0.074
5945935;0;;3;0.711889;11.670304;0.061
1529069;0;;1;0.63;11.492235;0.05482
6943612;0;;1;0.569849;11.396981;0.05
8746396;0;;2;1.24;11.272727;0.11
3474493;0;;1;0.526;11.022119;0.047722
6602986;0;;1;0.707;10.876923;0.065
4895719;0;;8;1.084735;10.847353;0.1
3385469;0;;4;0.732137;10.76672;0.068
7945237;0;;2;1.113452;10.75416;0.103537
1987230;0;;8;1.007393;10.716951;0.094
9820852;0;;2;0.56;10.418605;0.05375
6823053;0;;1;0.5515;10.40566;0.053
3025270;0;;1;1.180667;10.388217;0.113654
7818052;0;;3;0.857;10.325301;0.083
6594805;0;;1;0.603;10.311028;0.058481
7671148;0;;1;0.648;10.285714;0.063
4314034;0;;1;0.506;10.12;0.05
6947111;0;;1;1.428;10.056338;0.142
5282823;0;;1;1.122241;10.031887;0.111867
6688560;0;;6;1.453;9.952055;0.146
2569759;0;;2;1.48;9.866667;0.15
2397915;0;;1;0.528;9.777778;0.054
9653004;0;;2;1.05;9.589041;0.1095
3512307;0;;6;0.881;9.550136;0.09225
1609520;0;;5;1.136;9.466667;0.12
6651771;0;;3;0.873;9.456167;0.092321
9035272;0;;4;0.66;9.428571;0.07
5748678;0;;1;1.177895;9.32432;0.126325
3161938;0;;3;0.783;9.211765;0.085
8892990;0;;1;0.603799;9.136383;0.066087
2961753;0;;2;1.101;9.02459;0.122
9272990;0;;3;0.863;8.896907;0.097
3557316;0;;1;0.593;8.746899;0.067795
3163716;0;;1;0.739263;8.727412;0.084706
6145966;0;;2;0.756;8.689655;0.087
3030799;0;;3;0.6156;8.491034;0.0725
4226585;0;;1;0.683;8.432099;0.081
4050676;0;;2;0.582;8.374101;0.0695
3523310;0;;4;0.725909;8.343783;0.087
2821835;0;;1;0.534;8.34375;0.064
1045488;0;;9;1.009;8.270492;0.122
5709900;0;;1;0.893;8.268519;0.108
4687993;0;;1;0.572;8.183955;0.069893
2976229;0;;6;0.757;8.183784;0.0925
3758075;0;;1;0.532;8.122137;0.0655
7241542;0;;2;0.880533;8.115515;0.1085
7240219;0;;6;0.694;8.069767;0.086
3974015;0;;1;0.961;8.008333;0.12
2968896;0;;4;0.727;7.989011;0.091
4701922;0;;2;1.24;7.970615;0.155571
2236901;0;;1;0.516;7.938462;0.065
1156864;0;;1;1.351497;7.767226;0.174
1132016;0;;1;0.504;7.753846;0.065
7275319;0;;1;0.585286;7.701128;0.076
6985389;0;;1;0.534;7.628571;0.07
6398034;0;;4;0.827;7.598775;0.108833
3960263;0;;1;0.652;7.581395;0.086
4272556;0;;6;0.724611;7.548032;0.096
4530445;0;;1;0.515739;7.529038;0.0685
9311918;0;;2;0.631833;7.521825;0.084
4104576;0;;2;0.674;7.488889;0.09
9529383;0;;7;0.857;7.387931;0.116
6046625;0;;1;0.551;7.346667;0.075
7032675;0;;1;0.799;7.335884;0.108917
7895267;0;;3;0.580471;7.255882;0.08
9010653;0;;1;0.645;7.237027;0.089125
9995186;0;;2;0.52;7.187666;0.072346
2164895;0;;1;1.36;7.157895;0.19
3083113;0;;3;0.626;7.113636;0.088
6830968;0;;5;1.03;7.077668;0.145528
2210528;0;;7;0.8416;7.013333;0.12
6230718;0;;1;0.83;6.945607;0.1195
9937101;0;;1;0.506;6.931507;0.073
1637769;0;;2;0.887;6.823077;0.13
9115192;0;;3;0.653;6.6685;0.097923
5469953;0;;1;0.574;6.597701;0.087
9036922;0;;2;0.717;6.577982;0.109
4506163;0;;1;0.55725;6.555882;0.085
5709561;0;;4;0.612;6.497062;0.094196
6123055;0;;1;0.517;6.4625;0.08
6909575;0;;1;0.927;6.4375;0.144
8918237;0;;5;1.075;6.405527;0.167824
2206881;0;;1;0.912;6.374836;0.143063
7318324;0;;1;0.984;6.348387;0.155
3070565;0;;1;0.528;6.336;0.083333
7791520;0;;2;0.55;6.321839;0.087
5333556;0;;1;0.696;6.27027;0.111
4718645;0;;1;0.556;6.247191;0.089
7069668;0;;4;0.660148;6.19857;0.1065
4805727;0;;1;1.034119;6.173845;0.1675
1623970;0;;1;0.79;6.171875;0.128
1282534;0;;1;0.528;6.139535;0.086
4065919;0;;3;1.146;6.015748;0.1905
4455279;0;;6;0.66;6.0;0.11
6911173;0;;2;0.877;5.965986;0.147
4397016;0;;1;0.50125;5.935855;0.084444
9808552;0;;2;1.475209;5.924535;0.249
3236144;0;;1;0.74;5.92;0.125
8076159;0;;1;1.321;5.897321;0.224
4947265;0;;1;0.589;5.837594;0.100898
8139437;0;;3;1.062828;5.828412;0.182353
4200100;0;;1;0.506;5.816092;0.087
7693664;0;;1;0.540214;5.808756;0.093
3663030;0;;1;0.516;5.799006;0.088981
4346768;0;;1;0.521;5.788889;0.09
9081404;0;;3;0.633743;5.787606;0.1095
6281913;0;;1;0.899;5.744409;0.1565
9852677;0;;1;0.64;5.735012;0.111595
5493791;0;;3;0.963;5.732143;0.168
5964481;0;;1;0.567;5.727273;0.099
4829922;0;;1;0.607;5.726415;0.106
3530292;0;;1;0.798;5.72043;0.1395
7363701;0;;2;0.532;5.698546;0.093357
6083757;0;;1;0.598;5.695238;0.105
5763672;0;;1;0.528;5.681783;0.092929
5323583;0;;1;0.578;5.666667;0.102
9830896;0;;1;0.919;5.658952;0.162398
7107724;0;;1;0.513;5.637363;0.091
9637720;0;;1;0.546;5.6;0.0975
9068432;0;;2;0.87;5.576923;0.156
8855142;0;;1;1.412;5.559055;0.254
1450471;0;;1;1.4212;5.549814;0.256081
5471410;0;;3;1.353;5.522449;0.245
1338154;0;;3;0.757321;5.487832;0.138
1009827;0;;1;0.659;5.457019;0.120762
1635103;0;;2;0.662309;5.428763;0.122
4850534;0;;1;0.878;5.419753;0.162
9937454;0;;1;0.564;5.357843;0.105266
3699232;0;;1;1.170824;5.346226;0.219
6094838;0;;1;0.636;5.344538;0.119
6660142;0;;2;0.629;5.330508;0.118
4227072;0;;1;0.932522;5.323626;0.175167
3363221;0;;1;1.057;5.311558;0.199
2130747;0;;1;0.57;5.277778;0.108
7818631;0;;1;0.913;5.277457;0.173
9039415;0;;1;0.826895;5.266845;0.157
7992006;0;;1;0.73785;5.226704;0.141169
7348366;0;;1;0.517;5.222222;0.099
7021114;0;;1;0.744;5.221053;0.1425
4745301;0;;1;0.808333;5.202611;0.155371
9309323;0;;1;0.876;5.198813;0.1685
4414578;0;;1;0.646;5.168;0.125
8997445;0;;1;0.728233;5.16477;0.141
7306319;0;;1;0.653727;5.085487;0.128548
9008552;0;;1;0.52;5.065336;0.102659
8625789;0;;1;0.81;5.0625;0.16
8394112;0;;1;0.565333;5.047619;0.112
4441638;0;;1;0.717261;5.04021;0.142308
7619408;0;;1;1.243;5.032389;0.247
2403031;0;;1;1.031;5.017032;0.2055
5405437;0;;1;0.785704;5.004486;0.157
8173695;0;;1;0.65;5.0;0.13