anon_id;data;rashod;bs;tip;model
2491162;2026-07-09;3005503.868209;BS-07;AQUA2;АКВА L110 D15 B E
8908023;2026-09-07;2684039.253239;BS-07;AQUA2;АКВА L110 D15 B E
2159987;2025-10-17;2834.77;BS-07;AQUA2;АКВА L110 D15 B E
7891133;2025-10-17;2124.96;BS-05;AQUA2;АКВА L110 D15 B E
8973572;2025-10-17;608.136;BS-05;AQUA2;
5359103;2026-07-05;530.317143;BS-07;AQUA2;АКВА L110 D15 B E
2030325;2026-07-20;425.916;BS-03;AQUA2;АКВА L110 D15 B E
4964924;2026-09-20;401.047026;BS-07;AQUA2;АКВА L110 D15 B E
7247006;2026-09-29;364.053333;BS-07;AQUA2;АКВА L110 D15 B E
8498147;2026-09-29;363.971111;BS-05;AQUA2;АКВА L110 D15 C E
2030325;2026-09-07;352.825385;BS-03;AQUA2;АКВА L110 D15 B E
2030325;2026-08-07;352.655903;BS-03;AQUA2;АКВА L110 D15 B E
1423304;2026-09-08;343.224762;BS-07;AQUA2;
1423304;2026-09-11;342.294375;BS-07;AQUA2;
2030325;2026-08-10;341.274167;BS-03;AQUA2;АКВА L110 D15 B E
4964924;2026-09-21;334.786593;BS-07;AQUA2;АКВА L110 D15 B E
5927111;2026-05-14;332.058;BS-05;AQUA2;АКВА L130 D20 B E
1423304;2026-09-15;330.858235;BS-07;AQUA2;
9317608;2026-06-29;328.139;BS-07;AQUA2;АКВА L110 D15 B E
8190741;2026-02-27;327.996;BS-03;AQUA2;АКВА L110 D15 B E
8190741;2026-01-12;327.966;BS-03;AQUA2;АКВА L110 D15 B E
5704914;2026-04-04;327.953;BS-03;AQUA2;АКВА L110 D15 B E
6958101;2025-10-29;327.876;BS-07;AQUA2;АКВА L110 D15 B E
9487974;2026-01-08;327.871;BS-05;AQUA2;АКВА L110 D15 C E
6372413;2026-09-29;327.833714;BS-07;AQUA2;АКВА L110 D15 B E
2647530;2026-06-16;327.811;BS-07;AQUA2;АКВА L110 D15 B E
8908023;2026-09-01;327.804286;BS-07;AQUA2;АКВА L110 D15 B E
7508199;2026-04-16;327.802;BS-07;AQUA2;АКВА L110 D15 B E
5115252;2025-10-13;327.797;BS-07;AQUA2;АКВА L110 D15 B E
5905051;2026-08-29;327.752909;BS-03;AQUA2;АКВА L110 D15 C E
2030325;2026-07-23;327.69125;BS-03;AQUA2;АКВА L110 D15 B E
8305637;2026-08-01;327.681;BS-07;AQUA2;АКВА L110 D15 B E
8953379;2026-09-21;327.68;BS-03;AQUA2;АКВА L110 D15 B E
6778798;2025-10-19;327.68;BS-05;AQUA2;АКВА L110 D15 C E
5317621;2026-05-01;327.679;BS-03;AQUA2;АКВА L110 D15 B E
2859628;2026-09-17;327.677;BS-07;AQUA2;АКВА L110 D15 B E
8953379;2026-09-18;327.675;BS-03;AQUA2;АКВА L110 D15 B E
8953379;2026-09-25;327.675;BS-03;AQUA2;АКВА L110 D15 B E
7826125;2026-02-08;327.673;BS-07;AQUA2;АКВА L110 D15 B E
2030325;2026-09-28;327.67;BS-03;AQUA2;АКВА L110 D15 B E
9435441;2026-05-19;327.67;BS-03;AQUA2;АКВА L110 D15 B E
5905051;2025-11-26;327.67;BS-03;AQUA2;АКВА L110 D15 C E
5704914;2026-02-13;327.67;BS-03;AQUA2;АКВА L110 D15 B E
3832684;2026-02-05;327.67;BS-03;AQUA2;АКВА L110 D15 B E
8190741;2026-01-08;327.67;BS-03;AQUA2;АКВА L110 D15 B E
5317621;2026-04-25;327.67;BS-03;AQUA2;АКВА L110 D15 B E
5317621;2026-04-29;327.67;BS-03;AQUA2;АКВА L110 D15 B E
2351232;2026-04-18;327.67;BS-05;AQUA2;АКВА L110 D15 C E
2351232;2026-04-24;327.67;BS-05;AQUA2;АКВА L110 D15 C E
6778798;2025-10-06;327.67;BS-05;AQUA2;АКВА L110 D15 C E
9487974;2026-02-12;327.67;BS-05;AQUA2;АКВА L110 D15 C E
3332300;2025-12-07;327.67;BS-05;AQUA2;АКВА L110 D15 C E
6949939;2026-04-17;327.67;BS-06;AQUA2;АКВА L110 D15 C E
7293232;2026-04-02;327.67;BS-07;AQUA2;АКВА L110 D15 B E
7293232;2026-04-13;327.67;BS-07;AQUA2;АКВА L110 D15 B E
4226606;2026-03-20;327.67;BS-07;AQUA2;АКВА L110 D15 B E
2519659;2025-12-31;327.67;BS-07;AQUA2;АКВА L110 D15 B E
2519659;2026-01-12;327.67;BS-07;AQUA2;АКВА L110 D15 B E
6025274;2026-01-20;327.67;BS-07;AQUA2;АКВА L110 D15 B E
7826125;2025-10-05;327.67;BS-07;AQUA2;АКВА L110 D15 B E
6316651;2026-01-22;327.67;BS-07;AQUA2;АКВА L110 D15 B E
9456566;2026-09-20;327.665333;BS-07;AQUA2;АКВА L110 D15 B E
1698800;2026-05-31;327.66;BS-03;AQUA2;АКВА L110 D15 B E
1023776;2026-06-29;327.66;BS-03;AQUA2;АКВА L110 D15 B E
5905051;2025-11-24;327.66;BS-03;AQUA2;АКВА L110 D15 C E
5704914;2026-02-24;327.66;BS-03;AQUA2;АКВА L110 D15 B E
3832684;2026-02-06;327.66;BS-03;AQUA2;АКВА L110 D15 B E
3832684;2026-02-10;327.66;BS-03;AQUA2;АКВА L110 D15 B E
7931977;2025-11-02;327.66;BS-03;AQUA2;АКВА L110 D15 B E
8190741;2025-12-21;327.66;BS-03;AQUA2;АКВА L110 D15 B E
6778798;2025-10-13;327.66;BS-05;AQUA2;АКВА L110 D15 C E
6778798;2025-10-21;327.66;BS-05;AQUA2;АКВА L110 D15 C E
8498147;2026-09-30;327.66;BS-05;AQUA2;АКВА L110 D15 C E
9487974;2026-01-06;327.66;BS-05;AQUA2;АКВА L110 D15 C E
9487974;2026-02-11;327.66;BS-05;AQUA2;АКВА L110 D15 C E
6251706;2026-05-19;327.66;BS-05;AQUA2;АКВА L110 D15 B E
6949939;2026-04-23;327.66;BS-06;AQUA2;АКВА L110 D15 C E
6949939;2026-04-30;327.66;BS-06;AQUA2;АКВА L110 D15 C E
7293232;2026-03-19;327.66;BS-07;AQUA2;АКВА L110 D15 B E
7293232;2026-04-09;327.66;BS-07;AQUA2;АКВА L110 D15 B E
7293232;2026-04-12;327.66;BS-07;AQUA2;АКВА L110 D15 B E
2519659;2026-01-04;327.66;BS-07;AQUA2;АКВА L110 D15 B E
6025274;2026-01-21;327.66;BS-07;AQUA2;АКВА L110 D15 B E
1023776;2026-07-02;327.651765;BS-03;AQUA2;АКВА L110 D15 B E
5704914;2026-02-12;327.65;BS-03;AQUA2;АКВА L110 D15 B E
5704914;2026-02-17;327.65;BS-03;AQUA2;АКВА L110 D15 B E
8953379;2026-09-14;327.65;BS-03;AQUA2;АКВА L110 D15 B E
3832684;2026-02-21;327.65;BS-03;AQUA2;АКВА L110 D15 B E
8190741;2026-02-02;327.65;BS-03;AQUA2;АКВА L110 D15 B E
3281821;2026-07-01;327.65;BS-05;AQUA2;АКВА L110 D15 C E
6778798;2025-10-04;327.65;BS-05;AQUA2;АКВА L110 D15 C E
9487974;2026-01-22;327.65;BS-05;AQUA2;АКВА L110 D15 C E
9487974;2026-02-04;327.65;BS-05;AQUA2;АКВА L110 D15 C E
6949939;2026-04-28;327.65;BS-06;AQUA2;АКВА L110 D15 C E
7293232;2026-03-30;327.65;BS-07;AQUA2;АКВА L110 D15 B E
5115252;2025-10-11;327.65;BS-07;AQUA2;АКВА L110 D15 B E
8222297;2025-12-02;327.65;BS-07;AQUA2;АКВА L110 D15 B E
2859628;2026-09-26;327.65;BS-07;AQUA2;АКВА L110 D15 B E
2519659;2026-01-13;327.65;BS-07;AQUA2;АКВА L110 D15 B E
2030325;2026-09-04;327.64;BS-03;AQUA2;АКВА L110 D15 B E
2030325;2026-09-15;327.64;BS-03;AQUA2;АКВА L110 D15 B E
9435441;2026-05-03;327.64;BS-03;AQUA2;АКВА L110 D15 B E
1023776;2026-06-18;327.64;BS-03;AQUA2;АКВА L110 D15 B E
1023776;2026-07-01;327.64;BS-03;AQUA2;АКВА L110 D15 B E
5905051;2025-12-04;327.64;BS-03;AQUA2;АКВА L110 D15 C E
3832684;2026-02-17;327.64;BS-03;AQUA2;АКВА L110 D15 B E
3832684;2026-02-24;327.64;BS-03;AQUA2;АКВА L110 D15 B E
3832684;2026-03-10;327.64;BS-03;AQUA2;АКВА L110 D15 B E
3832684;2026-03-13;327.64;BS-03;AQUA2;АКВА L110 D15 B E
6778798;2025-10-03;327.64;BS-05;AQUA2;АКВА L110 D15 C E
9487974;2026-02-05;327.64;BS-05;AQUA2;АКВА L110 D15 C E
7293232;2026-03-24;327.64;BS-07;AQUA2;АКВА L110 D15 B E
8498147;2026-09-17;327.638;BS-05;AQUA2;АКВА L110 D15 C E
2859628;2026-09-19;327.6375;BS-07;AQUA2;АКВА L110 D15 B E
2030325;2026-09-20;327.637333;BS-03;AQUA2;АКВА L110 D15 B E
9435441;2026-05-17;327.63;BS-03;AQUA2;АКВА L110 D15 B E
5905051;2025-11-23;327.63;BS-03;AQUA2;АКВА L110 D15 C E
5905051;2025-11-25;327.63;BS-03;AQUA2;АКВА L110 D15 C E
5704914;2026-02-28;327.63;BS-03;AQUA2;АКВА L110 D15 B E
6778798;2025-10-10;327.63;BS-05;AQUA2;АКВА L110 D15 C E
6949939;2026-04-01;327.63;BS-06;AQUA2;АКВА L110 D15 C E
9456566;2026-09-16;327.63;BS-07;AQUA2;АКВА L110 D15 B E
7293232;2026-03-17;327.63;BS-07;AQUA2;АКВА L110 D15 B E
7293232;2026-03-22;327.63;BS-07;AQUA2;АКВА L110 D15 B E
7293232;2026-03-23;327.63;BS-07;AQUA2;АКВА L110 D15 B E
7293232;2026-04-16;327.63;BS-07;AQUA2;АКВА L110 D15 B E
5115252;2025-10-14;327.63;BS-07;AQUA2;АКВА L110 D15 B E
4226606;2026-03-22;327.63;BS-07;AQUA2;АКВА L110 D15 B E
2859628;2026-09-25;327.63;BS-07;AQUA2;АКВА L110 D15 B E
9456566;2026-09-21;327.63;BS-07;AQUA2;АКВА L110 D15 B E
3418502;2026-08-21;327.628333;BS-07;AQUA2;АКВА L110 D15 B E
2030325;2026-09-14;327.62;BS-03;AQUA2;АКВА L110 D15 B E
1698800;2026-05-27;327.62;BS-03;AQUA2;АКВА L110 D15 B E
1698800;2026-06-09;327.62;BS-03;AQUA2;АКВА L110 D15 B E
5704914;2026-02-27;327.62;BS-03;AQUA2;АКВА L110 D15 B E
8190741;2026-01-22;327.62;BS-03;AQUA2;АКВА L110 D15 B E
8190741;2026-02-03;327.62;BS-03;AQUA2;АКВА L110 D15 B E
6949939;2026-05-01;327.62;BS-06;AQUA2;АКВА L110 D15 C E
5817786;2026-04-29;327.62;BS-07;AQUA2;АКВА L110 D15 B E
2030325;2026-09-27;327.61625;BS-03;AQUA2;АКВА L110 D15 B E
2569627;2026-01-13;327.615;BS-07;AQUA2;АКВА L110 D15 B E
1023776;2026-06-17;327.61;BS-03;AQUA2;АКВА L110 D15 B E
5905051;2025-11-29;327.61;BS-03;AQUA2;АКВА L110 D15 C E
3832684;2026-02-13;327.61;BS-03;AQUA2;АКВА L110 D15 B E
3281821;2026-07-02;327.61;BS-05;AQUA2;АКВА L110 D15 C E
2351232;2026-04-30;327.61;BS-05;AQUA2;АКВА L110 D15 C E
6949939;2026-04-08;327.61;BS-06;AQUA2;АКВА L110 D15 C E
7293232;2026-04-14;327.61;BS-07;AQUA2;АКВА L110 D15 B E
1698800;2026-06-07;327.6;BS-03;AQUA2;АКВА L110 D15 B E
5704914;2026-02-25;327.6;BS-03;AQUA2;АКВА L110 D15 B E
2351232;2026-04-11;327.6;BS-05;AQUA2;АКВА L110 D15 C E
9487974;2026-01-29;327.6;BS-05;AQUA2;АКВА L110 D15 C E
6949939;2026-04-10;327.6;BS-06;AQUA2;АКВА L110 D15 C E
6949939;2026-04-14;327.6;BS-06;AQUA2;АКВА L110 D15 C E
6949939;2026-04-15;327.6;BS-06;AQUA2;АКВА L110 D15 C E
7293232;2026-03-31;327.6;BS-07;AQUA2;АКВА L110 D15 B E
7293232;2026-04-05;327.6;BS-07;AQUA2;АКВА L110 D15 B E
5115252;2025-10-06;327.6;BS-07;AQUA2;АКВА L110 D15 B E
1423304;2026-09-01;327.6;BS-07;AQUA2;
5817786;2026-05-03;327.6;BS-07;AQUA2;АКВА L110 D15 B E
6778798;2025-10-12;327.59;BS-05;AQUA2;АКВА L110 D15 C E
9875716;2026-02-13;327.59;BS-05;AQUA2;АКВА L110 D15 C E
2665800;2025-11-09;327.59;BS-07;AQUA2;АКВА L110 D15 B E
7293232;2026-03-16;327.59;BS-07;AQUA2;АКВА L110 D15 B E
7293232;2026-04-07;327.59;BS-07;AQUA2;АКВА L110 D15 B E
5115252;2025-10-04;327.59;BS-07;AQUA2;АКВА L110 D15 B E
9456566;2026-09-14;327.58;BS-07;AQUA2;АКВА L110 D15 B E
5905051;2025-12-01;327.58;BS-03;AQUA2;АКВА L110 D15 C E
2351232;2026-04-08;327.58;BS-05;AQUA2;АКВА L110 D15 C E
9487974;2026-01-26;327.58;BS-05;AQUA2;АКВА L110 D15 C E
6949939;2026-04-24;327.58;BS-06;AQUA2;АКВА L110 D15 C E
8190741;2026-02-01;327.57;BS-03;AQUA2;АКВА L110 D15 B E
2351232;2026-04-21;327.57;BS-05;AQUA2;АКВА L110 D15 C E
5359103;2026-05-24;327.57;BS-07;AQUA2;АКВА L110 D15 B E
9317608;2026-02-10;327.57;BS-07;AQUA2;АКВА L110 D15 B E
2351232;2026-04-15;327.56;BS-05;AQUA2;АКВА L110 D15 C E
2351232;2026-04-17;327.56;BS-05;AQUA2;АКВА L110 D15 C E
9487974;2026-01-13;327.56;BS-05;AQUA2;АКВА L110 D15 C E
1423304;2026-08-29;327.56;BS-07;AQUA2;
8222297;2025-12-03;327.56;BS-07;AQUA2;АКВА L110 D15 B E
6251706;2026-05-12;327.55;BS-05;AQUA2;АКВА L110 D15 B E
9317608;2026-02-09;327.55;BS-07;AQUA2;АКВА L110 D15 B E
8190741;2025-12-28;327.54;BS-03;AQUA2;АКВА L110 D15 B E
9487974;2026-01-12;327.54;BS-05;AQUA2;АКВА L110 D15 C E
1423304;2026-08-26;327.54;BS-07;AQUA2;
5704914;2026-02-16;327.53;BS-03;AQUA2;АКВА L110 D15 B E
2351232;2026-04-23;327.53;BS-05;AQUA2;АКВА L110 D15 C E
8498147;2026-09-23;327.53;BS-05;AQUA2;АКВА L110 D15 C E
8190741;2026-01-26;327.52;BS-03;AQUA2;АКВА L110 D15 B E
8190741;2026-01-13;327.51;BS-03;AQUA2;АКВА L110 D15 B E
9875716;2026-02-17;327.51;BS-05;AQUA2;АКВА L110 D15 C E
5359103;2026-04-28;327.51;BS-07;AQUA2;АКВА L110 D15 B E
5115252;2025-10-08;327.51;BS-07;AQUA2;АКВА L110 D15 B E
2859628;2026-09-20;327.5;BS-07;AQUA2;АКВА L110 D15 B E
5704914;2026-02-20;327.48;BS-03;AQUA2;АКВА L110 D15 B E
5704914;2026-03-03;327.47;BS-03;AQUA2;АКВА L110 D15 B E
8190741;2026-01-19;327.47;BS-03;AQUA2;АКВА L110 D15 B E
3332300;2025-12-09;327.47;BS-05;AQUA2;АКВА L110 D15 C E
8190741;2026-01-06;327.42;BS-03;AQUA2;АКВА L110 D15 B E
9487974;2026-01-15;327.42;BS-05;AQUA2;АКВА L110 D15 C E
9875716;2026-02-20;327.42;BS-05;AQUA2;АКВА L110 D15 C E
8190741;2025-12-30;327.41;BS-03;AQUA2;АКВА L110 D15 B E
8190741;2026-01-27;327.35;BS-03;AQUA2;АКВА L110 D15 B E
9487974;2026-02-08;327.35;BS-05;AQUA2;АКВА L110 D15 C E
8190741;2026-01-20;327.33;BS-03;AQUA2;АКВА L110 D15 B E
6025274;2026-01-19;327.27;BS-07;AQUA2;АКВА L110 D15 B E
9487974;2026-02-15;327.24;BS-05;AQUA2;АКВА L110 D15 C E
8190741;2025-12-23;327.14;BS-03;AQUA2;АКВА L110 D15 B E
8190741;2026-02-10;327.1;BS-03;AQUA2;АКВА L110 D15 B E
8190741;2026-02-05;327.02;BS-03;AQUA2;АКВА L110 D15 B E
7826125;2025-10-03;327;BS-07;AQUA2;АКВА L110 D15 B E
7826125;2025-10-12;326.66;BS-07;AQUA2;АКВА L110 D15 B E
2030325;2026-08-15;325.16697;BS-03;AQUA2;АКВА L110 D15 B E
2491162;2026-07-07;324.334949;BS-07;AQUA2;АКВА L110 D15 B E
1423304;2026-09-29;323.800351;BS-07;AQUA2;
2030325;2026-09-18;320.094769;BS-03;AQUA2;АКВА L110 D15 B E
2030325;2026-08-16;313.74103;BS-03;AQUA2;АКВА L110 D15 B E
2030325;2026-09-21;310.424211;BS-03;AQUA2;АКВА L110 D15 B E
2030325;2026-09-25;305.792286;BS-03;AQUA2;АКВА L110 D15 B E
2030325;2026-09-06;302.467949;BS-03;AQUA2;АКВА L110 D15 B E
2030325;2026-09-17;302.409231;BS-03;AQUA2;АКВА L110 D15 B E
2030325;2026-09-12;300.364167;BS-03;AQUA2;АКВА L110 D15 B E
2030325;2026-08-14;300.345897;BS-03;AQUA2;АКВА L110 D15 B E
2030325;2026-08-31;300.32119;BS-03;AQUA2;АКВА L110 D15 B E
2030325;2026-08-21;300.304615;BS-03;AQUA2;АКВА L110 D15 B E
1184793;2026-07-19;294.87875;BS-05;AQUA2;АКВА L110 D15 C E
2859628;2026-09-15;294.844118;BS-07;AQUA2;АКВА L110 D15 B E
2030325;2026-08-28;294.7985;BS-03;AQUA2;АКВА L110 D15 B E
7247006;2026-09-28;291.160667;BS-07;AQUA2;АКВА L110 D15 B E
8498147;2026-09-28;290.968889;BS-05;AQUA2;АКВА L110 D15 C E
1492831;2026-09-16;286.6925;BS-07;AQUA2;АКВА L110 D15 B E
2030325;2026-08-24;286.612917;BS-03;AQUA2;АКВА L110 D15 B E
3281821;2026-07-10;286.605147;BS-05;AQUA2;АКВА L110 D15 C E
8498147;2026-09-21;286.5275;BS-05;AQUA2;АКВА L110 D15 C E
9456566;2026-09-18;280.851429;BS-07;AQUA2;АКВА L110 D15 B E
9456566;2026-09-28;280.816071;BS-07;AQUA2;АКВА L110 D15 B E
1492831;2026-09-23;276.665333;BS-07;AQUA2;АКВА L110 D15 B E
1423304;2026-09-23;275.853158;BS-07;AQUA2;
8498147;2026-09-19;273.042444;BS-05;AQUA2;АКВА L110 D15 C E
2030325;2026-08-09;273.038788;BS-03;AQUA2;АКВА L110 D15 B E
1423304;2026-09-16;269.808431;BS-07;AQUA2;
2030325;2026-08-02;268.044935;BS-03;AQUA2;АКВА L110 D15 B E
2030325;2026-08-06;266.254875;BS-03;AQUA2;АКВА L110 D15 B E
1423304;2026-09-12;266.244125;BS-07;AQUA2;
1423304;2026-09-25;266.139669;BS-07;AQUA2;
2030325;2026-07-13;262.070667;BS-03;AQUA2;АКВА L110 D15 B E
1423304;2026-09-30;258.576316;BS-07;AQUA2;
1423304;2026-09-09;257.393277;BS-07;AQUA2;
2491162;2026-07-04;245.756944;BS-07;AQUA2;АКВА L110 D15 B E
1423304;2026-09-19;245.7525;BS-07;AQUA2;
1492831;2026-09-09;245.745;BS-07;AQUA2;АКВА L110 D15 B E
2030325;2026-07-17;238.252857;BS-03;AQUA2;АКВА L110 D15 B E
2030325;2026-07-31;238.226224;BS-03;AQUA2;АКВА L110 D15 B E
2030325;2026-07-19;229.344;BS-03;AQUA2;АКВА L110 D15 B E
2030325;2026-07-26;229.301857;BS-03;AQUA2;АКВА L110 D15 B E
2491162;2026-07-12;218.383256;BS-07;AQUA2;АКВА L110 D15 B E
4964924;2026-09-15;218.287182;BS-07;AQUA2;АКВА L110 D15 B E
1492831;2026-09-21;210.644725;BS-07;AQUA2;АКВА L110 D15 B E
4964924;2026-09-27;208.653904;BS-07;AQUA2;АКВА L110 D15 B E
7891133;2026-08-19;192.799162;BS-05;AQUA2;АКВА L110 D15 B E
4964924;2026-09-28;187.195966;BS-07;AQUA2;АКВА L110 D15 B E
2491162;2026-07-06;182.041414;BS-07;AQUA2;АКВА L110 D15 B E
1492831;2026-09-22;182.030513;BS-07;AQUA2;АКВА L110 D15 B E
1023776;2026-07-05;178.759091;BS-03;AQUA2;АКВА L110 D15 B E
7891133;2025-10-18;169.07;BS-05;AQUA2;АКВА L110 D15 B E
1492831;2026-09-15;163.875;BS-07;AQUA2;АКВА L110 D15 B E
3240435;2026-08-20;163.824815;BS-05;AQUA2;
1492831;2026-09-13;163.819286;BS-07;AQUA2;АКВА L110 D15 B E
1492831;2026-09-14;163.775;BS-07;AQUA2;АКВА L110 D15 B E
3240435;2026-08-19;163.77163;BS-05;AQUA2;
4964924;2026-09-19;153.189238;BS-07;AQUA2;АКВА L110 D15 B E
2983464;2025-10-17;152.12;BS-07;AQUA2;АКВА L110 D15 B E
2491162;2026-07-08;148.956364;BS-07;AQUA2;АКВА L110 D15 B E
1023776;2026-07-06;148.940909;BS-03;AQUA2;АКВА L110 D15 B E
4964924;2026-09-29;140.328242;BS-07;AQUA2;АКВА L110 D15 B E
7891133;2026-08-20;134.941144;BS-05;AQUA2;АКВА L110 D15 B E
8148916;2025-10-17;128.8;BS-07;AQUA2;АКВА L110 D15 B E
5359103;2026-07-04;125.037857;BS-07;AQUA2;АКВА L110 D15 B E
1492831;2026-09-20;117.06;BS-07;AQUA2;АКВА L110 D15 B E
2159987;2025-10-18;114.58;BS-07;AQUA2;АКВА L110 D15 B E
2491162;2026-07-13;109.243667;BS-07;AQUA2;АКВА L110 D15 B E
2030325;2026-07-27;98.279333;BS-03;AQUA2;АКВА L110 D15 B E
4964924;2026-09-22;93.678442;BS-07;AQUA2;АКВА L110 D15 B E
2030325;2026-07-18;89.41;BS-03;AQUA2;АКВА L110 D15 B E
2030325;2026-08-01;89.385974;BS-03;AQUA2;АКВА L110 D15 B E
1492831;2026-09-08;82.057;BS-07;AQUA2;АКВА L110 D15 B E
2491162;2026-07-05;81.933864;BS-07;AQUA2;АКВА L110 D15 B E
1423304;2026-09-18;81.9125;BS-07;AQUA2;
1423304;2026-09-28;72.95251;BS-07;AQUA2;
2030325;2026-07-14;65.579;BS-03;AQUA2;АКВА L110 D15 B E
1423304;2026-09-24;61.652467;BS-07;AQUA2;
3281821;2026-07-05;59.702879;BS-05;AQUA2;АКВА L110 D15 C E
2030325;2026-08-03;59.563636;BS-03;AQUA2;АКВА L110 D15 B E
8498147;2026-09-20;54.823333;BS-05;AQUA2;АКВА L110 D15 C E
1423304;2026-09-07;54.788667;BS-07;AQUA2;
1423304;2026-09-14;54.71725;BS-07;AQUA2;
1423304;2026-09-22;51.728125;BS-07;AQUA2;
8973572;2025-10-19;47.24;BS-05;AQUA2;
1423304;2026-09-10;46.925294;BS-07;AQUA2;
9456566;2026-09-29;46.864429;BS-07;AQUA2;АКВА L110 D15 B E
2030325;2026-08-18;43.762048;BS-03;AQUA2;АКВА L110 D15 B E
8498147;2026-09-22;41.0425;BS-05;AQUA2;АКВА L110 D15 C E
2030325;2026-08-25;41.028365;BS-03;AQUA2;АКВА L110 D15 B E
2030325;2026-08-11;40.988864;BS-03;AQUA2;АКВА L110 D15 B E
3281821;2026-07-11;40.9325;BS-05;AQUA2;АКВА L110 D15 C E
2030325;2026-08-08;36.456768;BS-03;AQUA2;АКВА L110 D15 B E
7726046;2025-10-17;34.39;BS-07;AQUA2;АКВА L110 D15 B E
2030325;2026-09-19;32.868667;BS-03;AQUA2;АКВА L110 D15 B E
2030325;2026-08-29;32.772333;BS-03;AQUA2;АКВА L110 D15 B E
1184793;2026-07-20;32.762;BS-05;AQUA2;АКВА L110 D15 C E
7826125;2025-10-19;31.825;BS-07;AQUA2;АКВА L110 D15 B E
8727125;2026-02-23;29.568;BS-09;aqua2_stm;АКВА L110 D15 C E
2030325;2026-09-01;27.357051;BS-03;AQUA2;АКВА L110 D15 B E
2030325;2026-09-13;27.355833;BS-03;AQUA2;АКВА L110 D15 B E
2030325;2026-08-22;27.336923;BS-03;AQUA2;АКВА L110 D15 B E
5433406;2025-11-24;22.954;BS-10;aqua2_stm;АКВА L110 D15 C E
2030325;2026-09-26;21.93575;BS-03;AQUA2;АКВА L110 D15 B E
4945470;2026-05-06;20.265;BS-09;aqua2_stm;АКВА L110 D15 C E