anon_id;days;start_date;end_date;median_rashod;bs;tip;model
1968874;365;2025-10-02;2026-10-01;0.244;BS-09;aqua2_stm;АКВА L110 D15 C E
7496751;364;2025-10-02;2026-09-30;0.197449;BS-05;aqua2_stm;АКВА L110 D15 C E
2931056;364;2025-10-02;2026-09-30;0.3415;BS-09;aqua2_stm;АКВА L110 D15 C E
6554606;353;2025-10-02;2026-09-19;0.1;BS-09;aqua2_stm;АКВА L110 D15 C E
1282534;332;2025-10-02;2026-08-29;0.086;BS-03;aqua2_stm;АКВА L110 D15 B E
2148838;324;2025-11-11;2026-09-30;0.08;BS-03;AQUA2;АКВА L130 D20 C E
6347187;322;2025-11-13;2026-09-30;0.387774;BS-09;aqua2_stm;АКВА L110 D15 C E
6818785;319;2025-10-31;2026-09-14;0.158;BS-09;aqua2_stm;АКВА L110 D15 C E
5587690;298;2025-10-22;2026-08-15;0.096886;BS-03;aqua2_stm;АКВА L110 D15 B E
6394575;291;2025-10-02;2026-07-19;0.094;BS-09;aqua2_stm;АКВА L110 D15 C E
8854548;289;2025-10-02;2026-07-17;0.075;BS-09;aqua2_stm;АКВА L110 D15 C E
5432307;282;2025-10-02;2026-07-10;0.058;BS-09;aqua2_stm;АКВА L110 D15 C E
3199577;274;2025-11-01;2026-08-01;0.611;BS-09;aqua2_stm;АКВА L110 D15 C E
9834402;272;2025-10-02;2026-06-30;0.246;BS-09;aqua2_stm;АКВА L110 D15 C E
3399315;270;2026-01-04;2026-09-30;0.054343;BS-03;aqua2_stm;АКВА L110 D15 B E
2240307;266;2025-10-02;2026-06-24;0.0655;BS-09;aqua2_stm;АКВА L110 D15 C E
7035705;266;2025-10-02;2026-06-24;0.21;BS-09;aqua2_stm;АКВА L110 D15 C E
5190654;265;2025-10-03;2026-06-24;0.339;BS-03;aqua2_stm;АКВА L110 D15 B E
7619242;264;2025-10-02;2026-06-22;0.021;BS-09;aqua2_stm;АКВА L110 D15 C E
4108800;256;2025-11-11;2026-07-24;0.2435;BS-09;aqua2_stm;АКВА L110 D15 C E
6203630;255;2025-12-07;2026-08-18;0.108;BS-09;aqua2_stm;АКВА L110 D15 C E
8045600;245;2025-10-02;2026-06-03;0.261;BS-09;aqua2_stm;АКВА L110 D15 C E
6242496;243;2026-02-01;2026-10-01;0.246;BS-03;aqua2_stm;АКВА L110 D15 C E
1249509;238;2026-01-28;2026-09-22;0.193364;BS-09;aqua2_stm;АКВА L110 D15 C E
7606795;237;2025-10-31;2026-06-24;0.21;BS-05;AQUA2;
2158929;236;2026-01-23;2026-09-15;0.142;BS-09;aqua2_stm;АКВА L110 D15 C E
5971491;235;2025-10-02;2026-05-24;0.102;BS-09;aqua2_stm;АКВА L110 D15 C E
4107970;233;2026-01-22;2026-09-11;0.096;BS-09;aqua2_stm;АКВА L110 D15 C E
5529668;231;2025-10-02;2026-05-20;0.018;BS-09;aqua2_stm;АКВА L110 D15 C E
5759983;230;2025-10-02;2026-05-19;0.05;BS-03;aqua2_stm;АКВА L110 D15 B E
2729604;228;2026-02-15;2026-09-30;0.186222;BS-07;aqua2_stm;АКВА L110 D15 B E
3397815;222;2025-10-02;2026-05-11;0.209;BS-06;aqua2_stm;АКВА L110 D15 C E
9199377;220;2025-10-02;2026-05-09;0.0855;BS-02;aqua2_stm;АКВА L110 D15 B E
6320755;218;2026-02-25;2026-09-30;0.045;BS-09;aqua2_stm;АКВА L110 D15 C E
1864174;216;2025-10-02;2026-05-05;0.519;BS-03;aqua2_stm;АКВА L110 D15 B E
6138584;216;2025-12-28;2026-07-31;0.094;BS-03;aqua2_stm;АКВА L110 D15 C E
2057545;216;2025-10-02;2026-05-05;0.021;BS-05;AQUA2;АКВА L110 D15 C E
6155873;216;2025-10-02;2026-05-05;0.253;BS-09;aqua2_stm;АКВА L110 D15 C E
5754693;216;2025-10-02;2026-05-05;1.435;BS-10;AQUA2;АКВА L110 D15 B E
4072376;215;2025-10-02;2026-05-04;0.09;BS-05;aqua2_stm;АКВА L110 D15 B E
5984917;215;2025-10-02;2026-05-04;0.036;BS-09;aqua2_stm;АКВА L110 D15 B E
1944961;213;2025-10-02;2026-05-02;1.327;BS-10;aqua2_stm;АКВА L110 D15 C E
6383784;213;2025-10-02;2026-05-02;0.9;BS-10;AQUA2;АКВА L110 D15 B E
7675574;212;2026-02-23;2026-09-22;0.0943;BS-09;aqua2_stm;АКВА L110 D15 C E
2604129;209;2025-10-02;2026-04-28;0.255;BS-07;AQUA2;АКВА L110 D15 B E
7057886;209;2025-10-02;2026-04-28;0.067;BS-09;aqua2_stm;АКВА L110 D15 C E
7669147;206;2025-10-02;2026-04-25;0.312;BS-05;AQUA2;АКВА L110 D15 B E
4417843;205;2026-02-14;2026-09-06;0.062;BS-07;aqua2_stm;АКВА L110 D15 B E
5984218;205;2026-01-13;2026-08-05;0.136;BS-09;aqua2_stm;АКВА L110 D15 C E
1089425;202;2026-01-16;2026-08-05;0.2325;BS-05;aqua2_stm;АКВА L110 D15 B E
1906127;202;2025-10-02;2026-04-21;0.03;BS-09;aqua2_stm;АКВА L110 D15 C E
7784695;201;2026-03-14;2026-09-30;0.565;BS-03;aqua2_stm;АКВА L110 D15 B E
3692325;200;2026-03-15;2026-09-30;0.070333;BS-07;AQUA2;АКВА L110 D15 B E
7844207;199;2025-12-04;2026-06-20;0.118;BS-09;aqua2_stm;АКВА L110 D15 C E
3438513;195;2026-03-20;2026-09-30;0.167;BS-07;aqua2_stm;АКВА L110 D15 B E
7046513;194;2025-10-28;2026-05-09;0.087;BS-03;aqua2_stm;АКВА L110 D15 C E
1698800;193;2025-11-16;2026-05-27;0.097;BS-03;AQUA2;АКВА L110 D15 B E
6062598;191;2026-01-16;2026-07-25;0.196;BS-03;aqua2_stm;АКВА L110 D15 C E
8789370;190;2026-03-25;2026-09-30;0.405685;BS-09;aqua2_stm;АКВА L110 D15 C E
2569759;188;2026-01-17;2026-07-23;0.15;BS-05;AQUA2;АКВА L110 D15 C E
5014670;188;2025-10-02;2026-04-07;0.293;BS-05;AQUA2;АКВА L110 D15 C E
4686537;187;2025-10-02;2026-04-06;0.035;BS-05;aqua2_stm;АКВА L110 D15 B E
2591881;187;2025-12-09;2026-06-13;0.306;BS-08;aqua2_nvt_wa_stm;АКВА L110 D15 C E
2014988;186;2025-11-16;2026-05-20;0.8385;BS-10;aqua2_nvt_wa_stm;АКВА L110 D15 C E
8620255;185;2025-10-02;2026-04-04;0.037;BS-02;aqua2_stm;АКВА L110 D15 C E
4346768;185;2025-10-12;2026-04-14;0.099;BS-03;aqua2_stm;АКВА L110 D15 C E
3942384;185;2026-03-31;2026-10-01;0.655571;BS-09;aqua2_stm;АКВА L110 D15 C E
2051196;183;2026-04-01;2026-09-30;0.097;BS-03;aqua2_stm;АКВА L110 D15 C E
2441452;183;2025-10-02;2026-04-02;0.099;BS-09;aqua2_stm;АКВА L110 D15 C E
7707141;183;2026-02-09;2026-08-10;0.311;BS-09;aqua2_stm;АКВА L110 D15 C E
3240435;182;2025-11-05;2026-05-05;0.28;BS-05;AQUA2;
4525963;181;2026-02-22;2026-08-21;0.162;BS-03;aqua2_stm;АКВА L110 D15 B E
7420431;181;2026-01-25;2026-07-24;0.03;BS-06;aqua2_stm;АКВА L110 D15 B E
1420105;181;2026-03-28;2026-09-24;0.352553;BS-07;AQUA2;АКВА L110 D15 B E
9756635;181;2025-10-02;2026-03-31;0.205;BS-09;aqua2_stm;АКВА L110 D15 C E
2979722;180;2025-10-02;2026-03-30;0.215;BS-09;aqua2_stm;АКВА L110 D15 C E
7617005;180;2026-04-04;2026-09-30;0.373408;BS-09;aqua2_stm;АКВА L110 D15 C E
2350812;179;2025-10-31;2026-04-27;0.05;BS-07;AQUA2;АКВА L110 D15 B E
6230718;177;2025-11-10;2026-05-05;0.107;BS-05;AQUA2;АКВА L110 D15 C E
7469325;176;2025-10-02;2026-03-26;0.174;BS-01;aqua2_stm;АКВА L110 D15 B E
9530537;176;2025-11-11;2026-05-05;0.246;BS-07;AQUA2;АКВА L110 D15 B E
3663030;174;2026-02-17;2026-08-09;0.096;BS-07;aqua2_stm;АКВА L110 D15 B E
5756945;174;2025-10-02;2026-03-24;0.1795;BS-07;AQUA2;АКВА L110 D15 B E
8475634;174;2025-10-02;2026-03-24;0.4095;BS-09;aqua2_stm;АКВА L110 D15 C E
1415475;172;2026-02-05;2026-07-26;0.1205;BS-09;aqua2_stm;АКВА L110 D15 C E
3379581;171;2025-10-02;2026-03-21;0.235;BS-09;aqua2_stm;АКВА L110 D15 C E
6173708;170;2025-10-02;2026-03-20;0.0925;BS-07;aqua2_stm;АКВА L110 D15 B E
5630006;169;2026-01-16;2026-07-03;0.172;BS-03;aqua2_stm;АКВА L110 D15 C E
7045545;168;2026-01-13;2026-06-29;0.118;BS-09;aqua2_stm;АКВА L110 D15 C E
5133594;167;2025-11-15;2026-04-30;0.1;BS-05;aqua2_stm;АКВА L110 D15 C E
6669646;167;2026-04-13;2026-09-26;0.079;BS-09;aqua2_stm;АКВА L110 D15 B E
1380978;166;2025-11-21;2026-05-05;0.1185;BS-09;aqua2_stm;АКВА L110 D15 C E
9590161;162;2025-10-16;2026-03-26;0.2395;BS-09;aqua2_stm;АКВА L110 D15 C E
2229718;160;2025-10-22;2026-03-30;0.1125;BS-09;aqua2_stm;АКВА L110 D15 C E
9285411;159;2026-01-03;2026-06-10;0.094;BS-03;aqua2_stm;АКВА L110 D15 C E
8210970;158;2026-04-26;2026-09-30;0.097655;BS-07;AQUA2;АКВА L110 D15 B E
9912891;157;2026-01-05;2026-06-10;0.216;BS-06;aqua2_stm;АКВА L110 D15 C E
6817583;157;2026-04-09;2026-09-12;0.132857;BS-07;AQUA2;АКВА L110 D15 B E
9787306;155;2026-03-25;2026-08-26;0.324;BS-07;AQUA2;АКВА L110 D15 B E
9696391;154;2026-03-10;2026-08-10;0.1495;BS-09;aqua2_stm;АКВА L110 D15 C E
4471885;153;2025-12-04;2026-05-05;0.056;BS-03;aqua2_stm;АКВА L110 D15 C E
8023624;152;2026-01-12;2026-06-12;0.374;BS-03;aqua2_stm;АКВА L110 D15 B E
9053834;152;2026-01-22;2026-06-22;0.1065;BS-09;aqua2_stm;АКВА L110 D15 C E
6048964;150;2026-05-04;2026-09-30;0.1315;BS-05;aqua2_stm;АКВА L110 D15 C E
8222297;150;2026-05-04;2026-09-30;0.269308;BS-07;AQUA2;АКВА L110 D15 B E
5595309;149;2026-03-20;2026-08-15;0.21;BS-07;AQUA2;АКВА L110 D15 B E
2807153;149;2025-10-02;2026-02-27;0.115;BS-09;aqua2_stm;АКВА L110 D15 C E
6356198;149;2025-12-08;2026-05-05;0.07;BS-10;AQUA2;АКВА L110 D15 C E
2493308;148;2026-05-07;2026-10-01;0.204393;BS-03;aqua2_nvt_wa_stm;АКВА L110 D15 C E
6017145;147;2025-12-19;2026-05-14;0.092;BS-01;aqua2_nvt_wa_stm;АКВА L110 D15 C E
5659703;147;2026-05-08;2026-10-01;0.2635;BS-03;aqua2_stm;АКВА L110 D15 C E
1496904;147;2026-05-08;2026-10-01;0.275752;BS-03;aqua2_stm;АКВА L110 D15 B E
9547006;147;2026-05-08;2026-10-01;0.379325;BS-09;aqua2_stm;АКВА L110 D15 C E
8438725;147;2026-05-08;2026-10-01;0.606;BS-09;aqua2_stm;АКВА L110 D15 C E
8425702;147;2026-05-08;2026-10-01;0.11;BS-09;aqua2_stm;АКВА L110 D15 C E
4471818;146;2026-05-08;2026-09-30;0.237;BS-03;aqua2_stm;АКВА L110 D15 C E
6508448;146;2026-03-04;2026-07-27;0.0905;BS-03;aqua2_stm;АКВА L110 D15 B E
3110941;146;2026-05-08;2026-09-30;0.03385;BS-05;aqua2_stm;АКВА L110 D15 B E
1942236;146;2026-05-08;2026-09-30;0.261737;BS-05;aqua2_stm;АКВА L110 D15 B E
9487974;146;2026-05-08;2026-09-30;0.209762;BS-05;AQUA2;АКВА L110 D15 C E
4767569;146;2026-05-08;2026-09-30;0.151982;BS-07;AQUA2;АКВА L110 D15 B E
1512557;146;2026-05-08;2026-09-30;0.56303;BS-07;AQUA2;АКВА L110 D15 B E
3190895;146;2025-11-18;2026-04-12;0.058;BS-07;AQUA2;АКВА L110 D15 B E
5856929;146;2026-05-08;2026-09-30;0.451548;BS-07;aqua2_stm;АКВА L110 D15 B E
6569324;146;2026-05-08;2026-09-30;0.120327;BS-07;AQUA2;АКВА L110 D15 B E
9882523;146;2026-05-08;2026-09-30;0.655;BS-07;AQUA2;АКВА L110 D15 B E
6343236;146;2026-04-14;2026-09-06;0.164927;BS-09;aqua2_stm;АКВА L110 D15 C E
5457463;144;2026-03-01;2026-07-22;0.2195;BS-03;aqua2_stm;АКВА L110 D15 C E
7554572;144;2025-12-06;2026-04-28;0.207;BS-03;aqua2_stm;АКВА L110 D15 C E
7032675;144;2025-10-02;2026-02-22;0.111;BS-09;aqua2_stm;АКВА L110 D15 C E
8112530;142;2026-05-12;2026-09-30;0.388041;BS-06;aqua2_stm;АКВА L110 D15 C E
4869957;141;2025-10-11;2026-02-28;0.032;BS-03;aqua2_stm;АКВА L110 D15 B E
2130747;141;2025-10-02;2026-02-19;0.1;BS-05;aqua2_stm;АКВА L110 D15 B E
5881963;141;2026-01-11;2026-05-31;0.045;BS-08;aqua2_nvt_wa_stm;АКВА L110 D15 B E
1162061;141;2026-05-08;2026-09-25;0.751;BS-09;aqua2_stm;АКВА L110 D15 C E
6673025;139;2026-02-02;2026-06-20;0.047;BS-03;AQUA2;АКВА L110 D15 B E
3986963;139;2026-03-13;2026-07-29;0.074;BS-03;aqua2_stm;АКВА L110 D15 B E
5622354;139;2025-10-02;2026-02-17;0.113;BS-09;aqua2_stm;АКВА L110 D15 C E
4131304;137;2025-12-16;2026-05-01;0.03;BS-09;aqua2_stm;АКВА L110 D15 C E
3218298;135;2025-11-05;2026-03-19;0.055;BS-03;aqua2_stm;АКВА L110 D15 B E
8385224;135;2026-02-14;2026-06-28;0.059;BS-09;aqua2_stm;АКВА L110 D15 C E
1975122;134;2025-10-02;2026-02-12;0.389;BS-09;aqua2_stm;АКВА L110 D15 C E
7791520;133;2026-05-11;2026-09-20;0.0818;BS-09;aqua2_stm;АКВА L110 D15 C E
1922936;133;2025-12-31;2026-05-12;0.073;BS-09;aqua2_stm;АКВА L110 D15 C E
9088398;133;2025-10-02;2026-02-11;0.294;BS-09;aqua2_stm;АКВА L110 D15 C E
2771736;132;2026-01-22;2026-06-02;0.1765;BS-03;aqua2_stm;АКВА L110 D15 B E
8262288;132;2026-04-16;2026-08-25;0.18;BS-07;AQUA2;АКВА L110 D15 B E
7363701;132;2025-11-17;2026-03-28;0.1075;BS-09;aqua2_stm;АКВА L110 D15 C E
4518423;132;2025-12-07;2026-04-17;0.1105;BS-09;aqua2_stm;АКВА L110 D15 C E
1130809;131;2025-10-02;2026-02-09;0.16;BS-05;aqua2_stm;АКВА L110 D15 C E
8260607;130;2026-05-25;2026-10-01;0.1455;BS-05;AQUA2;АКВА L110 D15 C E
8892990;130;2025-10-26;2026-03-04;0.0615;BS-06;aqua2_stm;АКВА L110 D15 C E
3969855;129;2026-05-25;2026-09-30;0.029;BS-03;AQUA2;АКВА L110 D15 C E
1380617;129;2026-01-17;2026-05-25;0.09;BS-09;aqua2_stm;АКВА L110 D15 C E
5478348;128;2025-10-02;2026-02-06;0.102;BS-05;AQUA2;АКВА L110 D15 B E
3926378;128;2026-04-07;2026-08-12;0.05;BS-05;AQUA2;АКВА L110 D15 C E
2169603;128;2025-10-02;2026-02-06;0.0865;BS-09;aqua2_stm;АКВА L110 D15 C E
6193330;128;2026-02-08;2026-06-15;0.109;BS-09;aqua2_stm;АКВА L110 D15 C E
2633697;127;2026-03-14;2026-07-18;0.14;BS-07;AQUA2;АКВА L110 D15 B E
6949939;125;2025-10-22;2026-02-23;0.159;BS-06;AQUA2;АКВА L110 D15 C E
3161938;125;2025-10-02;2026-02-03;0.085;BS-09;aqua2_stm;АКВА L110 D15 C E
5952592;124;2026-02-18;2026-06-21;0.2955;BS-03;aqua2_stm;АКВА L110 D15 B E
2462031;124;2026-04-04;2026-08-05;0.125188;BS-06;aqua2_stm;АКВА L110 D15 C E
7132329;124;2026-05-08;2026-09-08;0.434;BS-06;aqua2_stm;АКВА L110 D15 C E
8727125;124;2026-05-27;2026-09-27;0.261903;BS-09;aqua2_stm;АКВА L110 D15 C E
5088345;123;2025-11-16;2026-03-18;0.609;BS-03;aqua2_stm;АКВА L110 D15 B E
9562096;123;2026-01-03;2026-05-05;0.24;BS-05;AQUA2;
7062475;123;2025-10-07;2026-02-06;0.253;BS-05;aqua2_stm;АКВА L110 D15 B E
9254821;123;2026-04-10;2026-08-10;0.295;BS-09;aqua2_stm;АКВА L110 D15 C E
2839162;123;2026-03-02;2026-07-02;0.137;BS-09;aqua2_stm;АКВА L110 D15 C E
5891137;122;2025-10-02;2026-01-31;0.144;BS-03;aqua2_stm;АКВА L110 D15 C E
3845067;122;2026-06-01;2026-09-30;0.397;BS-06;aqua2_stm;АКВА L110 D15 C E
2735490;122;2025-10-17;2026-02-15;0.0875;BS-09;aqua2_stm;АКВА L110 D15 B E
3628560;121;2026-05-08;2026-09-05;0.071;BS-03;aqua2_stm;АКВА L110 D15 B E
8918237;121;2025-10-02;2026-01-30;0.2;BS-05;aqua2_stm;АКВА L110 D15 B E
5669864;121;2025-10-02;2026-01-30;0.176;BS-05;aqua2_stm;АКВА L110 D15 C E
9602898;121;2025-10-02;2026-01-30;0.046;BS-05;AQUA2;
6130861;121;2026-01-05;2026-05-05;0.023;BS-09;aqua2_stm;АКВА L110 D15 C E
1606847;120;2026-03-23;2026-07-20;1.684845;BS-03;aqua2_stm;АКВА L110 D15 B E
8582990;120;2025-10-02;2026-01-29;0.1925;BS-05;aqua2_stm;АКВА L110 D15 C E
6928060;120;2025-10-02;2026-01-29;0.086;BS-05;aqua2_stm;АКВА L110 D15 C E
5427533;119;2026-06-04;2026-09-30;0.467384;BS-05;aqua2_stm;АКВА L110 D15 C E
3887454;119;2025-10-02;2026-01-28;0.068;BS-05;aqua2_stm;АКВА L110 D15 B E
4441638;119;2026-06-04;2026-09-30;0.175879;BS-06;aqua2_stm;АКВА L110 D15 C E
6224304;119;2026-02-21;2026-06-19;0.263;BS-06;aqua2_nvt_wa_stm;АКВА L110 D15 C E
1483685;119;2026-05-10;2026-09-05;0.057378;BS-07;AQUA2;АКВА L110 D15 B E
1817743;119;2025-11-17;2026-03-15;0.028;BS-09;aqua2_stm;АКВА L110 D15 C E
9086568;118;2026-06-05;2026-09-30;0.311337;BS-03;AQUA2;АКВА L110 D15 B E
7299545;118;2025-11-24;2026-03-21;0.3435;BS-03;aqua2_stm;АКВА L110 D15 C E
8907410;118;2026-05-08;2026-09-02;0.16;BS-07;AQUA2;АКВА L110 D15 B E
1036686;117;2026-06-06;2026-09-30;0.094421;BS-03;aqua2_stm;АКВА L110 D15 B E
3811237;117;2025-10-02;2026-01-26;0.177;BS-05;aqua2_stm;АКВА L110 D15 B E
3892436;117;2026-06-07;2026-10-01;0.517037;BS-06;aqua2_stm;АКВА L110 D15 C E
3028754;117;2026-04-24;2026-08-18;0.162722;BS-09;aqua2_stm;АКВА L110 D15 C E
2397915;117;2026-05-08;2026-09-01;0.061833;BS-09;aqua2_stm;АКВА L110 D15 C E
8403925;116;2026-01-10;2026-05-05;0.284;BS-03;AQUA2;АКВА L110 D15 B E
3679615;115;2026-01-24;2026-05-18;0.092;BS-07;aqua2_stm;АКВА L110 D15 B E
9064799;114;2025-10-02;2026-01-23;0.084;BS-07;AQUA2;АКВА L110 D15 B E
7656457;114;2026-03-24;2026-07-15;0.68956;BS-09;aqua2_stm;АКВА L110 D15 C E
6652798;113;2026-06-11;2026-10-01;0.350227;BS-03;aqua2_nvt_wa_stm;АКВА L110 D15 C E
3523310;113;2026-03-29;2026-07-19;0.07925;BS-03;aqua2_stm;АКВА L110 D15 B E
1863531;113;2026-06-11;2026-10-01;0.043;BS-06;aqua2_nvt_wa_stm;АКВА L110 D15 B E
5115252;113;2026-01-06;2026-04-28;0.086;BS-07;AQUA2;АКВА L110 D15 B E
6377542;113;2025-10-02;2026-01-22;0.229;BS-09;aqua2_stm;АКВА L110 D15 C E
5198033;113;2026-01-16;2026-05-08;0.63;BS-10;AQUA2;АКВА L110 D15 B E
4302444;112;2026-01-13;2026-05-04;0.06;BS-05;AQUA2;АКВА L110 D15 C E
6406171;111;2026-01-30;2026-05-20;0.07;BS-03;aqua2_stm;АКВА L110 D15 C E
2628399;111;2025-12-01;2026-03-21;0.271;BS-06;aqua2_stm;АКВА L110 D15 C E
9309323;110;2026-01-16;2026-05-05;0.1415;BS-02;aqua2_stm;АКВА L110 D15 B E
6947111;110;2026-01-16;2026-05-05;0.1415;BS-03;aqua2_stm;АКВА L110 D15 C E
3234158;110;2026-01-16;2026-05-05;0.2385;BS-03;AQUA2;АКВА L110 D15 B E
3468632;110;2026-06-13;2026-09-30;0.03;BS-07;AQUA2;АКВА L110 D15 B E
7304195;110;2025-11-19;2026-03-08;0.4245;BS-08;aqua2_nvt_wa_stm;АКВА L110 D15 C E
6289611;110;2026-01-16;2026-05-05;0.305;BS-09;aqua2_stm;АКВА L110 D15 C E
5333556;109;2025-11-02;2026-02-18;0.119;BS-01;aqua2_stm;АКВА L110 D15 B E
5842572;109;2026-04-30;2026-08-16;0.13;BS-07;AQUA2;АКВА L110 D15 B E
8580685;108;2026-01-19;2026-05-06;0.276;BS-02;aqua2_stm;АКВА L110 D15 C E
1871084;108;2026-02-01;2026-05-19;0.0995;BS-03;aqua2_stm;АКВА L110 D15 B E
1167943;108;2026-03-20;2026-07-05;0.2705;BS-03;AQUA2;АКВА L110 D15 B E
3831135;108;2026-02-19;2026-06-06;0.1555;BS-06;AQUA2;АКВА L110 D15 B E
7493131;108;2026-01-17;2026-05-04;0.0425;BS-07;AQUA2;АКВА L110 D15 B E
2159987;108;2026-05-14;2026-08-29;0.170385;BS-07;AQUA2;АКВА L110 D15 B E
2859628;108;2026-05-31;2026-09-15;0.13;BS-07;AQUA2;АКВА L110 D15 B E
9729059;108;2026-04-06;2026-07-22;0.0445;BS-08;aqua2_nvt_wa_stm;АКВА L110 D15 C E
6046625;107;2026-05-08;2026-08-22;0.101;BS-03;aqua2_stm;АКВА L110 D15 B E
3969844;107;2025-10-02;2026-01-16;0.152;BS-05;aqua2_stm;АКВА L110 D15 C E
2188349;107;2025-10-02;2026-01-16;0.19;BS-07;AQUA2;АКВА L110 D15 B E
3121844;107;2026-01-12;2026-04-28;0.354;BS-07;aqua2_stm;АКВА L110 D15 B E
5373493;106;2026-01-20;2026-05-05;0.1945;BS-02;aqua2_stm;АКВА L110 D15 C E
6589946;106;2025-10-02;2026-01-15;0.055;BS-03;aqua2_stm;АКВА L110 D15 C E
7344301;106;2026-05-08;2026-08-21;0.129511;BS-05;AQUA2;
3733593;106;2026-03-17;2026-06-30;0.369;BS-07;AQUA2;АКВА L110 D15 B E
2022801;106;2025-10-27;2026-02-09;0.2925;BS-08;aqua2_stm;АКВА L110 D15 C E
9857727;105;2025-10-02;2026-01-14;0.047;BS-03;aqua2_stm;АКВА L110 D15 B E
4125292;105;2025-10-02;2026-01-14;0.321;BS-05;aqua2_stm;АКВА L110 D15 C E
7826228;105;2026-06-18;2026-09-30;0.052636;BS-07;AQUA2;АКВА L110 D15 B E
3363221;105;2026-02-15;2026-05-30;0.214;BS-08;aqua2_nvt_wa_stm;АКВА L110 D15 C E
9479365;105;2026-01-03;2026-04-17;0.24;BS-09;aqua2_stm;АКВА L110 D15 C E
6603129;104;2025-10-19;2026-01-30;0.1785;BS-03;aqua2_stm;АКВА L110 D15 C E
7652531;104;2025-11-16;2026-02-27;0.1225;BS-06;AQUA2;АКВА L110 D15 B E
9611567;104;2025-10-02;2026-01-13;0.1225;BS-07;AQUA2;АКВА L110 D15 B E
5424865;104;2025-10-02;2026-01-13;0.28;BS-07;AQUA2;АКВА L110 D15 B E
3298048;104;2026-03-18;2026-06-29;0.122;BS-08;aqua2_nvt_wa_stm;АКВА L110 D15 C E
3746583;103;2026-06-21;2026-10-01;0.310093;BS-06;aqua2_stm;АКВА L110 D15 B E
7021114;102;2026-01-12;2026-04-23;0.155;BS-01;aqua2_nvt_wa_stm;АКВА L110 D15 B E
8143917;102;2026-06-07;2026-09-16;0.046;BS-06;aqua2_stm;АКВА L110 D15 B E
2210528;102;2025-10-02;2026-01-11;0.12;BS-07;AQUA2;АКВА L110 D15 B E
7594285;102;2026-03-15;2026-06-24;0.0695;BS-07;AQUA2;АКВА L110 D15 B E
8908023;102;2025-11-09;2026-02-18;0.1;BS-07;AQUA2;АКВА L110 D15 B E
3084482;102;2026-03-23;2026-07-02;0.467;BS-08;aqua2_nvt_wa_stm;АКВА L110 D15 C E
6911173;102;2026-01-17;2026-04-28;0.143;BS-09;aqua2_stm;АКВА L110 D15 C E
1635801;101;2026-05-08;2026-08-16;0.12;BS-03;AQUA2;АКВА L110 D15 B E
6530403;101;2026-05-28;2026-09-05;0.222186;BS-07;AQUA2;АКВА L110 D15 B E
1942540;101;2026-06-23;2026-10-01;0.04393;BS-07;AQUA2;АКВА L110 D15 B E
2641495;101;2025-10-02;2026-01-10;0.335;BS-09;aqua2_stm;АКВА L110 D15 C E
7872015;100;2025-10-02;2026-01-09;0.37;BS-05;AQUA2;АКВА L110 D15 C E
7654177;100;2026-03-05;2026-06-12;0.074;BS-06;aqua2_stm;АКВА L110 D15 C E
2836989;100;2026-06-23;2026-09-30;0.541298;BS-06;aqua2_stm;АКВА L110 D15 C E
3685091;100;2026-05-05;2026-08-12;0.268;BS-09;aqua2_stm;АКВА L110 D15 C E
8147172;100;2025-12-05;2026-03-14;0.076;BS-09;aqua2_stm;АКВА L110 D15 C E
6187520;99;2025-10-24;2026-01-30;0.359;BS-05;aqua2_stm;АКВА L110 D15 B E
4196861;99;2026-06-24;2026-09-30;0.52903;BS-06;aqua2_stm;АКВА L110 D15 C E
2491162;98;2026-04-03;2026-07-09;0.2215;BS-07;AQUA2;АКВА L110 D15 B E
1888107;98;2026-03-23;2026-06-28;0.3455;BS-08;aqua2_nvt_wa_stm;АКВА L110 D15 C E
5405437;98;2025-10-02;2026-01-07;0.1335;BS-09;aqua2_stm;АКВА L110 D15 C E
4294354;98;2026-05-08;2026-08-13;0.398771;BS-09;aqua2_stm;АКВА L110 D15 C E
7199412;98;2026-06-26;2026-10-01;1.336421;BS-10;aqua2_stm;АКВА L110 D15 C E
1752882;97;2026-05-06;2026-08-10;0.341;BS-03;aqua2_stm;АКВА L110 D15 C E
3789036;97;2026-05-08;2026-08-12;0.08;BS-06;AQUA2;АКВА L110 D15 B E
9827412;97;2025-10-02;2026-01-06;0.212;BS-09;aqua2_stm;АКВА L110 D15 C E
6955657;96;2026-06-27;2026-09-30;0.178295;BS-01;aqua2_stm;АКВА L110 D15 B E
1895151;96;2026-03-09;2026-06-12;0.105;BS-07;AQUA2;АКВА L110 D15 B E
2636603;96;2025-10-02;2026-01-05;0.068;BS-07;aqua2_stm;АКВА L110 D15 B E
7507433;96;2026-06-27;2026-09-30;0.32087;BS-07;AQUA2;АКВА L110 D15 B E
4631803;95;2025-12-05;2026-03-09;0.083;BS-05;aqua2_stm;АКВА L110 D15 B E
8394112;95;2026-06-06;2026-09-08;0.141;BS-06;aqua2_stm;АКВА L110 D15 C E
6986680;95;2026-06-29;2026-10-01;0.043889;BS-07;AQUA2;АКВА L110 D15 B E
2106907;95;2025-10-14;2026-01-16;0.31;BS-08;aqua2_nvt_wa_stm;АКВА L110 D15 C E
3245496;95;2026-03-11;2026-06-13;0.235;BS-08;aqua2_nvt_wa_stm;АКВА L110 D15 C E
4066372;94;2025-10-26;2026-01-27;0.1855;BS-03;aqua2_stm;АКВА L110 D15 B E
2938263;94;2026-02-19;2026-05-23;0.1735;BS-06;aqua2_nvt_wa_stm;АКВА L110 D15 B E
2459634;94;2025-10-02;2026-01-03;0.3025;BS-09;aqua2_stm;АКВА L110 D15 C E
7566805;93;2025-10-06;2026-01-06;0.186;BS-06;aqua2_stm;АКВА L110 D15 C E
7607467;93;2026-03-13;2026-06-13;0.294;BS-08;aqua2_nvt_wa_stm;АКВА L110 D15 C E
3345058;93;2026-02-14;2026-05-17;0.072;BS-08;aqua2_stm;АКВА L110 D15 B E
3671498;93;2025-10-02;2026-01-02;0.224;BS-09;aqua2_stm;АКВА L110 D15 C E
2106185;92;2025-11-16;2026-02-15;0.0795;BS-03;aqua2_stm;АКВА L110 D15 C E
2519659;92;2025-10-02;2026-01-01;0.04;BS-07;AQUA2;АКВА L110 D15 B E
9748204;92;2026-05-08;2026-08-07;0.11;BS-07;AQUA2;АКВА L110 D15 B E
3965367;92;2026-03-13;2026-06-12;0.9975;BS-08;aqua2_nvt_wa_stm;АКВА L110 D15 C E
7594167;92;2026-03-13;2026-06-12;0.424;BS-08;aqua2_nvt_wa_stm;АКВА L110 D15 C E
3263226;92;2025-10-02;2026-01-01;0.2545;BS-09;aqua2_stm;АКВА L110 D15 C E
4493272;92;2025-10-02;2026-01-01;0.0565;BS-09;aqua2_stm;АКВА L110 D15 C E
6346874;91;2025-10-03;2026-01-01;0.139;BS-02;aqua2_stm;АКВА L110 D15 B E
3121819;91;2025-10-28;2026-01-26;0.069;BS-05;aqua2_stm;АКВА L110 D15 C E
4538641;91;2025-11-13;2026-02-11;0.07;BS-05;aqua2_stm;АКВА L110 D15 B E
6853059;91;2026-07-02;2026-09-30;0.16253;BS-06;aqua2_nvt_wa_stm;АКВА L110 D15 B E
9780222;91;2026-03-13;2026-06-11;0.316;BS-08;aqua2_nvt_wa_stm;АКВА L110 D15 C E
5392660;91;2026-03-13;2026-06-11;0.108;BS-08;aqua2_nvt_wa_stm;АКВА L110 D15 C E
3723284;91;2025-10-02;2025-12-31;0.256;BS-09;aqua2_stm;АКВА L110 D15 C E
4506163;91;2026-07-02;2026-09-30;0.152083;BS-09;aqua2_stm;АКВА L110 D15 C E
8855142;90;2026-07-03;2026-09-30;0.323881;BS-03;aqua2_nvt_wa_stm;АКВА L110 D15 C E
5525732;90;2026-06-06;2026-09-03;0.081833;BS-07;AQUA2;АКВА L110 D15 B E
8148916;90;2026-05-12;2026-08-09;0.02;BS-07;AQUA2;АКВА L110 D15 B E
5516412;90;2026-03-25;2026-06-22;0.3555;BS-08;aqua2_nvt_wa_stm;АКВА L110 D15 C E
3960263;90;2026-03-25;2026-06-22;0.089;BS-09;aqua2_stm;АКВА L110 D15 C E
3868263;90;2026-06-28;2026-09-25;0.092024;BS-09;aqua2_stm;АКВА L110 D15 C E