anon_id;split_date;median_before;median_after;ratio;abs_change;direction;bs;tip;model
4476018;2025-11-21;0.0205;0.5685;27.731707;0.548;up;BS-09;aqua2_stm;АКВА L110 D15 C E
1581018;2025-11-01;1.7885;0.0815;21.944785;1.707;down;BS-10;aqua2_stm;АКВА L130 D20 C E
2554826;2026-05-07;0.021;0.4265;20.309524;0.4055;up;BS-08;aqua2_nvt_wa_stm;АКВА L110 D15 C E
1278937;2026-06-20;0.021;0.399;19;0.378;up;BS-09;aqua2_stm;АКВА L110 D15 C E
3199577;2025-11-12;0.033;0.619;18.757576;0.586;up;BS-09;aqua2_stm;АКВА L110 D15 C E
2158929;2026-08-05;0.020286;0.3799;18.727465;0.359614;up;BS-09;aqua2_stm;АКВА L110 D15 C E
2641495;2026-06-03;0.4;0.023;17.391304;0.377;down;BS-09;aqua2_stm;АКВА L110 D15 C E
1512557;2026-01-30;0.366;0.0225;16.266667;0.3435;down;BS-07;AQUA2;АКВА L110 D15 B E
8070635;2025-11-28;0.3205;0.02;16.025;0.3005;down;BS-09;aqua2_stm;АКВА L110 D15 C E
1051888;2026-07-31;0.359185;0.0235;15.284459;0.335685;down;BS-09;aqua2_stm;АКВА L110 D15 C E
7617005;2026-04-14;0.021;0.3185;15.166667;0.2975;up;BS-09;aqua2_stm;АКВА L110 D15 C E
3214631;2026-09-01;0.020333;0.304679;14.984222;0.284346;up;BS-02;aqua2_stm;АКВА L110 D15 C E
4895719;2026-06-27;0.025;0.371153;14.846106;0.346153;up;BS-09;aqua2_stm;АКВА L110 D15 C E
4108800;2026-08-21;0.0265;0.362482;13.678548;0.335982;up;BS-09;aqua2_stm;АКВА L110 D15 C E
2936907;2026-08-22;0.0225;0.3045;13.533333;0.282;up;BS-01;aqua2_nvt_wa_stm;АКВА L110 D15 B E
2383758;2026-05-04;0.259;0.021;12.333333;0.238;down;BS-09;aqua2_stm;АКВА L110 D15 C E
6330083;2026-06-23;0.4175;0.0341;12.243402;0.3834;down;BS-05;aqua2_stm;АКВА L110 D15 C E
2014988;2025-12-02;0.0645;0.782;12.124031;0.7175;up;BS-10;aqua2_nvt_wa_stm;АКВА L110 D15 C E
4272556;2026-08-16;0.026;0.310112;11.927386;0.284112;up;BS-09;aqua2_stm;АКВА L110 D15 C E
4003772;2025-12-07;0.279;0.0235;11.87234;0.2555;down;BS-05;aqua2_stm;АКВА L110 D15 C E
7818631;2025-12-14;0.2715;0.023;11.804348;0.2485;down;BS-05;aqua2_stm;АКВА L110 D15 B E
9378119;2026-06-02;0.301;0.0255;11.803922;0.2755;down;BS-09;aqua2_stm;АКВА L110 D15 C E
5563405;2026-07-31;0.227873;0.020667;11.026109;0.207206;down;BS-09;aqua2_stm;АКВА L110 D15 C E
3059428;2026-08-09;0.227145;0.02125;10.689194;0.205895;down;BS-07;aqua2_stm;АКВА L110 D15 B E
4835816;2026-05-13;0.0275;0.29;10.545455;0.2625;up;BS-09;aqua2_stm;АКВА L110 D15 C E
7258762;2026-07-28;0.0225;0.234;10.4;0.2115;up;BS-01;aqua2_nvt_wa_stm;АКВА L110 D15 C E
3083113;2026-04-21;0.3275;0.034;9.632353;0.2935;down;BS-08;aqua2_nvt_wa_stm;АКВА L110 D15 C E
7584689;2025-12-10;0.199;0.021;9.47619;0.178;down;BS-01;aqua2_stm;АКВА L110 D15 C E
6018296;2026-03-03;0.026;0.245;9.423077;0.219;up;BS-02;aqua2_stm;АКВА L110 D15 C E
8309774;2026-04-03;0.0295;0.2755;9.338983;0.246;up;BS-09;aqua2_stm;АКВА L110 D15 C E
4227072;2026-08-27;0.02125;0.194833;9.168627;0.173583;up;BS-02;aqua2_stm;АКВА L110 D15 C E
5234893;2025-12-09;0.081;0.728;8.987654;0.647;up;BS-08;aqua2_nvt_wa_stm;АКВА L110 D15 C E
8892990;2026-08-31;0.0215;0.192139;8.936693;0.170639;up;BS-06;aqua2_stm;АКВА L110 D15 C E
6130861;2026-04-18;0.021;0.185;8.809524;0.164;up;BS-09;aqua2_stm;АКВА L110 D15 C E
1065404;2026-08-14;0.315631;0.037;8.530571;0.278631;down;BS-09;aqua2_stm;АКВА L110 D15 C E
8625789;2025-12-21;0.2895;0.0345;8.391304;0.255;down;BS-03;AQUA2;АКВА L110 D15 B E
7844207;2026-08-28;0.021;0.172056;8.193127;0.151056;up;BS-09;aqua2_stm;АКВА L110 D15 C E
2351232;2025-12-07;0.179;0.022;8.136364;0.157;down;BS-05;AQUA2;АКВА L110 D15 C E
3236144;2026-06-19;0.0285;0.2285;8.017544;0.2;up;BS-01;aqua2_nvt_wa_stm;АКВА L110 D15 B E
8141911;2026-06-13;0.276;0.034607;7.975232;0.241393;down;BS-05;aqua2_stm;АКВА L110 D15 B E
7554572;2026-04-20;0.184;0.0235;7.829787;0.1605;down;BS-03;aqua2_stm;АКВА L110 D15 C E
7021114;2026-01-18;0.0205;0.155;7.560976;0.1345;up;BS-01;aqua2_nvt_wa_stm;АКВА L110 D15 B E
3803919;2026-07-19;0.027857;0.205145;7.364162;0.177287;up;BS-07;AQUA2;АКВА L110 D15 B E
3245496;2025-12-13;0.024;0.172;7.166667;0.148;up;BS-08;aqua2_nvt_wa_stm;АКВА L110 D15 C E
9640142;2026-04-23;0.1575;0.022;7.159091;0.1355;down;BS-07;AQUA2;АКВА L110 D15 B E
4506163;2026-07-02;0.0225;0.160878;7.150123;0.138378;up;BS-09;aqua2_stm;АКВА L110 D15 C E
3743114;2026-06-15;0.5135;3.638208;7.085118;3.124708;up;BS-04;aqua2_stm;АКВА L110 D15 C E
8236638;2025-12-25;0.0235;0.1585;6.744681;0.135;up;BS-09;aqua2_stm;АКВА L110 D15 B E
3028754;2026-05-06;0.0305;0.203;6.655738;0.1725;up;BS-09;aqua2_stm;АКВА L110 D15 C E
8370966;2026-06-22;0.02;0.13;6.5;0.11;up;BS-03;AQUA2;АКВА L110 D15 B E
1256752;2026-04-18;0.032;0.2075;6.484375;0.1755;up;BS-09;aqua2_stm;АКВА L110 D15 C E
1614327;2026-05-28;0.286;0.045;6.355556;0.241;down;BS-09;aqua2_stm;АКВА L110 D15 C E
3161938;2026-07-02;0.02;0.126991;6.349526;0.106991;up;BS-09;aqua2_stm;АКВА L110 D15 C E
3746101;2026-05-31;0.03;0.19;6.333333;0.16;up;BS-07;AQUA2;АКВА L110 D15 B E
5779679;2026-02-11;0.031;0.1955;6.306452;0.1645;up;BS-09;aqua2_stm;АКВА L110 D15 C E
6039739;2026-01-29;0.0515;0.314;6.097087;0.2625;up;BS-08;aqua2_nvt_wa_stm;АКВА L110 D15 C E
6660142;2025-12-15;0.02;0.121;6.05;0.101;up;BS-09;aqua2_stm;АКВА L110 D15 C E
7349704;2025-11-24;0.023;0.1375;5.978261;0.1145;up;BS-08;aqua2_nvt_wa_stm;АКВА L110 D15 C E
3723284;2026-04-28;0.1215;0.0205;5.926829;0.101;down;BS-09;aqua2_stm;АКВА L110 D15 C E
5964481;2026-01-25;0.0215;0.127;5.906977;0.1055;up;BS-09;aqua2_stm;АКВА L110 D15 C E
7292538;2026-08-17;0.125286;0.021228;5.901787;0.104058;down;BS-01;aqua2_nvt_wa_stm;АКВА L110 D15 B E
9479365;2026-05-27;0.1935;0.033;5.863636;0.1605;down;BS-09;aqua2_stm;АКВА L110 D15 C E
2938263;2026-03-11;0.03;0.1755;5.85;0.1455;up;BS-06;aqua2_nvt_wa_stm;АКВА L110 D15 B E
7951890;2026-04-24;0.16;0.0275;5.818182;0.1325;down;BS-09;aqua2_stm;АКВА L110 D15 C E
3413887;2026-07-03;0.022;0.127415;5.791608;0.105415;up;BS-09;aqua2_stm;АКВА L110 D15 C E
2680298;2025-12-09;0.196;0.034;5.764706;0.162;down;BS-09;aqua2_stm;АКВА L110 D15 C E
9197593;2025-12-20;0.031;0.1765;5.693548;0.1455;up;BS-05;aqua2_stm;АКВА L110 D15 C E
8727125;2026-06-21;0.0995;0.564;5.668342;0.4645;up;BS-09;aqua2_stm;АКВА L110 D15 C E
1249509;2026-02-11;0.029;0.1585;5.465517;0.1295;up;BS-09;aqua2_stm;АКВА L110 D15 C E
5821731;2026-08-26;0.220225;0.040857;5.39011;0.179367;down;BS-02;aqua2_stm;АКВА L110 D15 C E
3263226;2026-04-16;0.036;0.193;5.361111;0.157;up;BS-09;aqua2_stm;АКВА L110 D15 C E
2194061;2025-12-15;0.038;0.2;5.263158;0.162;up;BS-03;aqua2_stm;АКВА L110 D15 B E
9637720;2025-11-14;0.032;0.1665;5.203125;0.1345;up;BS-09;aqua2_stm;АКВА L110 D15 C E
5134263;2026-03-31;0.025;0.13;5.2;0.105;up;BS-03;aqua2_stm;АКВА L110 D15 C E
9917719;2026-06-30;0.033;0.1715;5.19697;0.1385;up;BS-08;aqua2_nvt_wa_stm;АКВА L110 D15 C E
9381335;2026-02-13;0.204;0.0395;5.164557;0.1645;down;BS-09;aqua2_stm;АКВА L110 D15 C E
8401529;2025-11-07;0.027;0.139;5.148148;0.112;up;BS-09;aqua2_stm;АКВА L110 D15 C E
1987230;2025-11-02;0.05;0.2555;5.11;0.2055;up;BS-05;aqua2_stm;АКВА L110 D15 C E
8533831;2026-08-29;0.059452;0.30239;5.086298;0.242938;up;BS-03;aqua2_nvt_wa_stm;АКВА L110 D15 C E
1925279;2026-05-17;0.1395;0.0275;5.072727;0.112;down;BS-09;aqua2_stm;АКВА L110 D15 C E
4777852;2026-08-13;0.17919;0.038464;4.658617;0.140726;down;BS-03;aqua2_stm;АКВА L110 D15 C E
3671498;2026-07-26;0.035875;0.167109;4.658089;0.131234;up;BS-09;aqua2_stm;АКВА L110 D15 C E
1793798;2025-11-05;0.242;0.0525;4.609524;0.1895;down;BS-09;aqua2_stm;АКВА L110 D15 C E
7479711;2026-05-13;0.4535;0.103;4.402913;0.3505;down;BS-08;aqua2_nvt_wa_stm;АКВА L110 D15 C E
2836989;2026-09-02;0.699314;0.161073;4.341586;0.538241;down;BS-06;aqua2_stm;АКВА L110 D15 C E
5695647;2026-05-27;0.03;0.13;4.333333;0.1;up;BS-07;AQUA2;АКВА L110 D15 B E
9117054;2026-05-03;0.057;0.2415;4.236842;0.1845;up;BS-08;aqua2_nvt_wa_stm;АКВА L110 D15 C E
2942003;2026-07-25;0.037189;0.15384;4.136675;0.11665;up;BS-06;aqua2_stm;АКВА L110 D15 C E
9254821;2026-04-25;0.0755;0.3115;4.125828;0.236;up;BS-09;aqua2_stm;АКВА L110 D15 C E
7043512;2026-08-15;0.530838;0.132;4.021503;0.398838;down;BS-03;aqua2_nvt_wa_stm;АКВА L110 D15 C E
9787306;2026-06-11;0.13;0.52;4;0.39;up;BS-07;AQUA2;АКВА L110 D15 B E
5622354;2026-02-09;0.165;0.0415;3.975904;0.1235;down;BS-09;aqua2_stm;АКВА L110 D15 C E
4718645;2025-11-21;0.042;0.1665;3.964286;0.1245;up;BS-05;aqua2_stm;АКВА L110 D15 C E
3831135;2026-05-21;0.1575;0.04;3.9375;0.1175;down;BS-06;AQUA2;АКВА L110 D15 B E
8534142;2026-08-01;0.047;0.185;3.93617;0.138;up;BS-01;aqua2_nvt_wa_stm;АКВА L110 D15 C E
6343236;2026-08-27;0.227415;0.0579;3.927716;0.169515;down;BS-09;aqua2_stm;АКВА L110 D15 C E
6374262;2026-04-09;0.042;0.1645;3.916667;0.1225;up;BS-09;aqua2_stm;АКВА L110 D15 C E
2979722;2026-06-12;0.107;0.4145;3.873832;0.3075;up;BS-09;aqua2_stm;АКВА L110 D15 C E
2229718;2026-06-08;0.036;0.138294;3.841503;0.102294;up;BS-09;aqua2_stm;АКВА L110 D15 C E
6951752;2026-03-07;0.249;0.065;3.830769;0.184;down;BS-09;aqua2_stm;АКВА L110 D15 C E
3190895;2025-12-28;0.21;0.055;3.818182;0.155;down;BS-07;AQUA2;АКВА L110 D15 B E
3240435;2026-06-07;0.36;0.095;3.789474;0.265;down;BS-05;AQUA2;
6509718;2025-11-06;0.047;0.1735;3.691489;0.1265;up;BS-03;aqua2_stm;АКВА L110 D15 C E
4416088;2026-05-23;0.0425;0.1535;3.611765;0.111;up;BS-07;AQUA2;АКВА L110 D15 B E
9908583;2026-06-08;0.05;0.18;3.6;0.13;up;BS-07;AQUA2;АКВА L110 D15 B E
2961753;2025-12-23;0.164;0.0465;3.526882;0.1175;down;BS-03;aqua2_nvt_wa_stm;АКВА L110 D15 C E
3523310;2026-07-23;0.070449;0.246577;3.500052;0.176127;up;BS-03;aqua2_stm;АКВА L110 D15 B E
7965380;2025-12-27;0.1805;0.052;3.471154;0.1285;down;BS-01;aqua2_stm;АКВА L110 D15 C E
5493791;2026-07-16;0.112;0.3865;3.450893;0.2745;up;BS-01;aqua2_nvt_wa_stm;АКВА L110 D15 C E
8260607;2025-11-20;0.31;0.09;3.444444;0.22;down;BS-05;AQUA2;АКВА L110 D15 C E
6817583;2026-04-15;0.08;0.275;3.4375;0.195;up;BS-07;AQUA2;АКВА L110 D15 B E
2976229;2026-01-09;0.157;0.046;3.413043;0.111;down;BS-06;aqua2_stm;АКВА L110 D15 B E
7045545;2026-05-07;0.1515;0.0455;3.32967;0.106;down;BS-09;aqua2_stm;АКВА L110 D15 C E
7626821;2025-12-06;0.053;0.1755;3.311321;0.1225;up;BS-09;aqua2_stm;АКВА L110 D15 C E
7035705;2026-06-10;0.222;0.0675;3.288889;0.1545;down;BS-09;aqua2_stm;АКВА L110 D15 C E
6508448;2026-06-12;0.0475;0.154542;3.253509;0.107042;up;BS-03;aqua2_stm;АКВА L110 D15 B E
2106907;2026-05-15;0.3;0.094;3.191489;0.206;down;BS-08;aqua2_nvt_wa_stm;АКВА L110 D15 C E
5922855;2025-11-05;0.0855;0.2675;3.128655;0.182;up;BS-08;aqua2_nvt_wa_stm;АКВА L110 D15 C E
9590161;2026-08-29;0.417956;0.136443;3.063223;0.281513;down;BS-09;aqua2_stm;АКВА L110 D15 C E
5630006;2026-06-18;0.1605;0.053;3.028302;0.1075;down;BS-03;aqua2_stm;АКВА L110 D15 C E
9359021;2026-08-13;0.188929;0.0625;3.022861;0.126429;down;BS-09;aqua2_stm;АКВА L110 D15 C E