anon_id;magnet_days;median_magnet;median_other;ratio;bs;tip;model
4346768;13;0;0.088;0;BS-03;aqua2_stm;АКВА L110 D15 C E
6377542;4;0.0005;0.203;0.002463;BS-09;aqua2_stm;АКВА L110 D15 C E
7032675;7;0.001;0.108458;0.00922;BS-09;aqua2_stm;АКВА L110 D15 C E
8122113;6;0.0005;0.045576;0.010971;BS-09;aqua2_stm;АКВА L110 D15 C E
8876485;16;0.0015;0.101917;0.014718;BS-01;aqua2_stm;АКВА L110 D15 B E
3344697;29;0.001;0.064;0.015625;BS-01;aqua2_stm;АКВА L110 D15 B E
7365695;34;0.0015;0.045;0.033333;BS-06;aqua2_stm;АКВА L110 D15 B E
8344936;5;0.01584;0.126875;0.124847;BS-06;aqua2_stm;АКВА L110 D15 C E
8957588;4;0.007884;0.048;0.164254;BS-01;aqua2_stm;АКВА L110 D15 B E
8309774;3;0.040922;0.234;0.17488;BS-09;aqua2_stm;АКВА L110 D15 C E
1925279;4;0.0255;0.100875;0.252788;BS-09;aqua2_stm;АКВА L110 D15 C E
4630251;7;0.017;0.053;0.320755;BS-09;aqua2_stm;АКВА L110 D15 C E
1781014;7;0.040542;0.119;0.340692;BS-03;aqua2_stm;АКВА L110 D15 C E
8165855;6;0.02578;0.075;0.343739;BS-03;aqua2_stm;АКВА L110 D15 C E
4816376;16;0.028188;0.080193;0.351505;BS-10;aqua2_nvt_wa_stm;АКВА L110 D15 C E
4686537;5;0.013;0.035;0.371429;BS-05;aqua2_stm;АКВА L110 D15 B E
6177761;3;0.022;0.0575;0.382609;BS-09;aqua2_stm;АКВА L110 D15 B E
9243894;3;0.0185;0.045;0.411111;BS-06;aqua2_stm;АКВА L110 D15 B E
9285411;5;0.0375;0.09;0.416667;BS-03;aqua2_stm;АКВА L110 D15 C E
7611765;5;0.046703;0.103;0.453422;BS-09;aqua2_stm;АКВА L110 D15 C E
9065148;7;0.047666;0.098;0.486383;BS-01;aqua2_stm;АКВА L110 D15 B E
6284662;5;0.054;0.111;0.486486;BS-01;aqua2_stm;АКВА L110 D15 B E
