anon_id;data;rashod;baseline_14d_median;drop_50pct
6478032;2026-07-31;0.170291;0.210002;0
6478032;2026-08-01;0.153547;0.204405;0
6478032;2026-08-02;0.073253;0.204405;1
6478032;2026-08-04;0.147256;0.204405;0
6478032;2026-08-05;0.073889;0.182433;1
6478032;2026-08-13;0.237761;0.153547;0
6478032;2026-08-14;0.148239;0.153547;0
6478032;2026-08-28;0.161279;0.183196;0
6478032;2026-08-30;0.404885;0.163483;0
6478032;2026-09-01;0.07913;0.247845;1
6478032;2026-09-17;0.1062;0.179021;0
6478032;2026-09-19;0.144335;0.1062;0
6478032;2026-09-20;0.226784;0.125267;0
6478032;2026-09-21;0.12644;0.144335;0
6478032;2026-09-22;0.22676;0.135387;0
6478032;2026-09-23;0.119078;0.144335;0
6478032;2026-09-24;0.245722;0.135387;0
6478032;2026-09-28;0.167;0.135387;0
6478032;2026-09-29;0.070667;0.135387;0
4448303;2026-08-13;0.531627;0.629663;0
4448303;2026-09-05;0.528786;0.496381;0
4448303;2026-09-06;0.537334;0.488894;0
4448303;2026-09-07;0.319286;0.53306;0
4448303;2026-09-09;0.2028;0.53306;1
4448303;2026-09-10;0.469511;0.528786;0
4448303;2026-09-11;0.424556;0.499148;0
4448303;2026-09-14;0.215876;0.449003;1
4448303;2026-09-19;0.357001;0.4359;0
4448303;2026-09-22;0.592737;0.390778;0
9065148;2026-08-13;0.192663;0.16705;0
9065148;2026-08-31;0.322339;0.179349;0
9065148;2026-09-14;0.036069;0.105302;1
9065148;2026-09-23;0.047666;0.065468;0
9065148;2026-09-27;0.141656;0.061602;0
9065148;2026-09-28;0.038225;0.065468;0
9065148;2026-09-30;0.015836;0.071986;1
9724036;2026-08-01;0.052178;0.064053;0
3411383;2026-08-20;0.084692;0.064452;0
3411383;2026-08-21;0.011308;0.068848;1
3411383;2026-08-22;0.125857;0.063177;0
3411383;2026-08-23;0.046762;0.073333;0
3411383;2026-09-17;0.046349;0.055043;0
3411383;2026-09-18;0.036585;0.049799;0
3411383;2026-09-19;0.04121;0.046349;0
3411383;2026-09-20;0.058375;0.04121;0
3411383;2026-09-21;0.083849;0.046349;0
3411383;2026-09-22;0.059288;0.046349;0
3411383;2026-09-23;0.100758;0.058375;0
3411383;2026-09-24;0.057369;0.058832;0
3411383;2026-09-25;0.044561;0.058375;0
3411383;2026-09-26;0.07055;0.057872;0
3411383;2026-09-27;0.105535;0.058375;0
3411383;2026-09-28;0.066534;0.058832;0
3411383;2026-09-29;0.044042;0.059288;0
3411383;2026-09-30;0.026889;0.058832;1
6335255;2026-09-10;0.001;0.025;1
5433686;2026-08-31;0.076304;0.048565;0
5433686;2026-09-01;0.058696;0.048565;0
5433686;2026-09-09;0.030839;0.066887;1
5433686;2026-09-13;0.043176;0.056326;0
5433686;2026-09-14;0.087896;0.056326;0
5433686;2026-09-17;0.095;0.047659;0
5433686;2026-09-19;0.057633;0.047659;0
5433686;2026-09-20;0.064986;0.047659;0
5433686;2026-09-22;0.079299;0.054288;0
5433686;2026-09-24;0.10821;0.06131;0
7488701;2026-09-24;0.278;0.145149;0
7488701;2026-09-25;0.029;0.160575;1
7488701;2026-09-26;0.144;0.145149;0
8998672;2026-09-25;0.154183;0.137035;0
8998672;2026-09-26;0.062324;0.141524;1
8998672;2026-09-27;0.4158;0.139279;0
8998672;2026-09-30;0.0579;0.151836;1
4801349;2026-09-21;0.059141;0.101175;0
4801349;2026-09-28;0.077457;0.09407;0
4801349;2026-09-30;0.055588;0.089026;0
9830896;2026-08-06;0.358884;0.173035;0
9830896;2026-08-07;0.420815;0.182865;0
9830896;2026-08-08;0.358301;0.224034;0
9830896;2026-08-20;0.135714;0.324051;1
9830896;2026-09-07;0.069209;0.218875;1
9830896;2026-09-08;0.354882;0.218875;0
9830896;2026-09-24;0.068;0.08655;0
5353318;2026-08-08;0.037;0.1162;1
5353318;2026-08-09;0.083;0.1162;0
5353318;2026-08-21;0.116016;0.037;0
5353318;2026-08-22;0.110861;0.06;0
5353318;2026-08-23;0.066122;0.096931;0
5353318;2026-08-26;0.265115;0.088492;0
5353318;2026-08-27;0.141463;0.110861;0
5353318;2026-08-28;0.087277;0.113439;0
5353318;2026-08-29;0.042067;0.099069;1
5353318;2026-08-30;0.184413;0.0767;0
5353318;2026-08-31;0.183374;0.087277;0
5353318;2026-09-04;0.227931;0.113439;0
5353318;2026-09-06;0.316419;0.130151;0
5353318;2026-09-07;0.147981;0.162418;0
5353318;2026-09-09;0.093261;0.165677;0
5353318;2026-09-17;0.233679;0.174178;0
5353318;2026-09-19;0.079621;0.16108;1
5353318;2026-09-20;0.11638;0.16108;0
5353318;2026-09-21;0.223039;0.134282;0
5353318;2026-09-22;0.279403;0.14738;0
5353318;2026-09-23;0.14829;0.14738;0
5353318;2026-09-24;0.129828;0.161234;0
5353318;2026-09-27;0.16129;0.129828;0
5353318;2026-09-28;0.094035;0.139059;0
5353318;2026-09-29;0.077818;0.129828;0
4859627;2026-09-23;0.021523;0.03775;0
4859627;2026-09-24;0.021677;0.03775;0
4859627;2026-09-28;0.017062;0.039;1
4859627;2026-09-30;0.017846;0.037577;1
9081404;2026-08-01;0.054179;0.160291;1
9081404;2026-08-02;0.261656;0.160291;0
9081404;2026-08-03;0.344756;0.160291;0
9081404;2026-08-05;0.039533;0.175746;1
9081404;2026-08-07;0.023941;0.175746;1
9081404;2026-08-08;0.0165;0.17298;1
9081404;2026-08-09;0.034864;0.15589;1
9081404;2026-08-10;0.112794;0.126816;0
9081404;2026-08-11;0.014092;0.114724;1
9081404;2026-08-12;0.014117;0.083487;1
9081404;2026-08-13;0.063133;0.046856;0
9081404;2026-08-15;0.016484;0.046856;1
9081404;2026-08-16;0.044704;0.037198;0
9081404;2026-08-17;0.035027;0.037198;0
9081404;2026-08-18;0.073036;0.034945;0
9081404;2026-08-19;0.02275;0.034945;0
9081404;2026-08-27;0.270801;0.044704;0
9081404;2026-08-28;0.292914;0.044704;0
9081404;2026-08-29;0.609992;0.044704;0
9081404;2026-08-30;0.163044;0.073036;0
9081404;2026-08-31;0.148929;0.163044;0
9081404;2026-09-01;0.297399;0.163044;0
9081404;2026-09-03;0.180494;0.270801;0
9081404;2026-09-04;0.18805;0.225648;0
9081404;2026-09-05;0.158866;0.18805;0
9081404;2026-09-06;0.589873;0.184272;0
9081404;2026-09-07;0.113539;0.18805;0
9081404;2026-09-08;0.091556;0.184272;1
9081404;2026-09-09;0.031608;0.180494;1
9081404;2026-09-11;0.034181;0.160955;1
9081404;2026-09-12;0.023607;0.153897;1
9081404;2026-09-17;0.312233;0.102929;0
9081404;2026-09-18;0.080898;0.102929;0
9081404;2026-09-19;0.064963;0.091938;0
9081404;2026-09-20;0.455842;0.086227;0
9081404;2026-09-21;0.256065;0.086227;0
1439721;2026-08-14;0.255191;0.131444;0
4334223;2026-08-09;0.018;0.193382;1
4334223;2026-08-20;0.222904;0.036333;0
4334223;2026-08-21;0.176562;0.046929;0
4334223;2026-08-22;0.141014;0.057524;0
4334223;2026-08-23;0.329351;0.141014;0
4334223;2026-08-24;0.108566;0.144643;0
4334223;2026-08-27;0.241867;0.142828;0
4334223;2026-08-28;0.149205;0.144643;0
3946783;2026-07-31;0.001;0.038;1
3946783;2026-08-05;0.050404;0.04225;0
3946783;2026-08-06;0.089;0.040655;0
3946783;2026-08-07;0.185;0.040655;0
3946783;2026-08-14;0.022957;0.053596;1
3946783;2026-08-15;0.084;0.053596;0
3946783;2026-08-16;0.126;0.084;0
3946783;2026-08-17;0.105721;0.084;0
3946783;2026-08-19;0.125834;0.089;0
3946783;2026-08-20;0.11544;0.105721;0
3946783;2026-08-21;0.119782;0.11544;0
3946783;2026-08-22;0.220831;0.11544;0
3946783;2026-08-23;0.053387;0.117611;1
3946783;2026-08-24;0.001784;0.11544;1
3946783;2026-08-25;0.051368;0.11058;1
3946783;2026-09-20;0.13475;0.065452;0
3946783;2026-09-21;0.259;0.076621;0
3946783;2026-09-22;0.005087;0.087789;1
3550771;2026-08-02;0.080845;0.027833;0
3550771;2026-08-03;0.114682;0.066212;0
3550771;2026-08-04;0.089616;0.07952;0
3550771;2026-08-05;0.063084;0.083264;0
3550771;2026-08-06;0.205988;0.083264;0
3550771;2026-08-08;0;0.08765;1
3550771;2026-08-09;0.001;0.08765;1
3550771;2026-08-10;0;0.08765;1
3550771;2026-08-11;0.001;0.083264;1
3550771;2026-08-12;0.001;0.07952;1
3550771;2026-08-14;0.130361;0.056476;0
3550771;2026-08-16;0.138273;0.056476;0
3550771;2026-08-19;0;0.026434;1
2393165;2026-09-27;0.037;0.068182;0
2393165;2026-09-28;0.078516;0.053;0
2393165;2026-09-29;0.054484;0.065758;0
2022274;2026-08-01;0.01;0.11154;1
2022274;2026-08-02;0.099;0.10806;0
2022274;2026-08-03;0.15475;0.104581;0
2022274;2026-08-04;0.01425;0.10806;1
2022274;2026-08-05;0;0.101791;1
2022274;2026-08-06;0.025032;0.056625;1
2022274;2026-08-12;0.116689;0.062016;0
2022274;2026-08-14;0.167957;0.125329;0
2022274;2026-08-15;0.204082;0.140397;0
2022274;2026-08-16;0.165042;0.147;0
2022274;2026-08-17;0.249394;0.147588;0
2022274;2026-08-18;0.069697;0.147588;1
2022274;2026-08-19;0.028636;0.147588;1
2022274;2026-09-05;0.196811;0.121948;0
2022274;2026-09-06;0.132844;0.129168;0
2022274;2026-09-07;0.086345;0.132844;0
2022274;2026-09-15;0;0.132844;1
2022274;2026-09-16;0;0.121948;1
2022274;2026-09-17;0.101765;0.086345;0
2022274;2026-09-19;0.183138;0.101765;0
2022274;2026-09-20;0.145736;0.101765;0
2022274;2026-09-21;0.145229;0.101765;0
6284662;2026-08-01;0.054;0.137;1
6284662;2026-08-03;0;0.137;1
6284662;2026-08-09;0.077;0.0955;0
6284662;2026-08-10;0.154;0.107;0
6284662;2026-08-11;0;0.107;1
9787467;2026-09-30;0.020804;0.03825;0
8955102;2026-09-07;0.0696;0.036157;0
8955102;2026-09-09;0.05625;0.055657;0
8955102;2026-09-18;0.0342;0.057;0
8955102;2026-09-20;0.105571;0.051839;0
8955102;2026-09-21;0.010298;0.051839;1
8955102;2026-09-22;0.08513;0.041289;0
8955102;2026-09-23;0.019939;0.051839;1
8955102;2026-09-24;0.068512;0.040814;0
8955102;2026-09-25;0.013548;0.047429;1
8955102;2026-09-28;0.064;0.040814;0
8955102;2026-09-29;0.061;0.045975;0
9748634;2026-08-12;0.09493;0.200896;1
9748634;2026-08-13;0.0745;0.174805;1
9748634;2026-08-21;0.196976;0.210093;0
9748634;2026-08-31;0.184603;0.179482;0
9748634;2026-09-01;0.227184;0.187239;0
9748634;2026-09-06;0.347989;0.218942;0
9748634;2026-09-09;0.106146;0.224328;1
9748634;2026-09-11;0.112258;0.212541;0
9748634;2026-09-15;0.234455;0.224241;0
9748634;2026-09-20;0.127343;0.207131;0
9748634;2026-09-21;0.232909;0.190915;0
9748634;2026-09-24;0.107758;0.207131;0
6321189;2026-07-13;0.268;0.24;0
6321189;2026-07-15;0.656;0.2715;0
6321189;2026-07-16;0.415;0.284;0
6321189;2026-07-17;0.409;0.284;0
6321189;2026-07-18;0.365;0.2945;0
6321189;2026-07-19;0.847;0.3295;0
6321189;2026-07-20;0.453;0.338;0
6321189;2026-07-21;0.16;0.3635;1
6321189;2026-07-22;0.197;0.3635;0
6321189;2026-07-23;0.313;0.3635;0
6321189;2026-07-24;0.17;0.3635;1
6321189;2026-07-25;0.115;0.339;1
6321189;2026-07-26;0.08;0.339;1
6321189;2026-07-27;0.078;0.339;1
6321189;2026-07-30;0.014;0.255;1
6321189;2026-07-31;0.049;0.1835;1
6321189;2026-08-01;0.032;0.165;1
6321189;2026-08-04;0.119;0.0975;0
6321189;2026-08-06;0.061;0.0975;0
6321189;2026-09-01;0.123;0.223;0
6321189;2026-09-02;0.177;0.222;0
6321189;2026-09-03;0.493;0.204;0
6321189;2026-09-04;0.617;0.204;0
6321189;2026-09-11;0.173;0.199;0
6321189;2026-09-12;0.326;0.194;0
6321189;2026-09-13;0.182;0.194;0
6321189;2026-09-14;0.312;0.182;0
6321189;2026-09-15;0.225;0.182;0
6321189;2026-09-16;0.182;0.225;0
6321189;2026-09-25;0.15;0.182;0
9997183;2026-08-29;0.028636;0.021335;0
9997183;2026-08-30;0.345526;0.024986;0
9997183;2026-08-31;0.064374;0.028636;0
9997183;2026-09-01;0.0341;0.028882;0
9997183;2026-09-03;0.012261;0.031614;1
9997183;2026-09-05;0.06025;0.03792;0
9997183;2026-09-06;0.022;0.03792;0
9997183;2026-09-07;0.059;0.03792;0
9997183;2026-09-08;0.018;0.044245;1
9997183;2026-09-11;0.041612;0.044245;0
9997183;2026-09-14;0.03526;0.044245;0
9997183;2026-09-16;0.127624;0.044245;0
9997183;2026-09-18;0.120508;0.048128;0
9997183;2026-09-21;0.112041;0.054253;0
9997183;2026-09-22;0.077713;0.0647;0
9997183;2026-09-24;0.164553;0.077713;0
9997183;2026-09-25;0.131682;0.078804;0
9997183;2026-09-26;0.117122;0.095968;0
9997183;2026-09-28;0.225643;0.114582;0
9997183;2026-09-30;0.01258;0.118815;1
6943612;2026-08-13;0.04037;0.042286;0
6943612;2026-08-14;0.181702;0.042286;0
6943612;2026-08-30;0.20425;0.0812;0
6943612;2026-09-20;0.020407;0.053573;1
6943612;2026-09-23;0.282667;0.033277;0
6943612;2026-09-30;0.0168;0.039638;1
1653650;2026-07-14;0.187998;0.213111;0
1653650;2026-07-16;0.232619;0.213111;0
1653650;2026-07-18;0.148031;0.213111;0
1653650;2026-07-20;0.269062;0.207081;0
1653650;2026-07-21;0.354039;0.214118;0
1653650;2026-07-22;0.142196;0.214118;0
1653650;2026-07-23;0.298075;0.214118;0
1653650;2026-07-24;0.099391;0.214118;1
1653650;2026-07-25;0.165636;0.191985;0
1653650;2026-07-27;0.144196;0.173751;0
1653650;2026-07-28;0.180704;0.166359;0
1653650;2026-07-29;0.237591;0.166359;0
1653650;2026-07-30;0.064867;0.166359;1
1653650;2026-08-01;0.034165;0.156834;1
1653650;2026-08-02;0.222363;0.154916;0
1653650;2026-08-03;0.200866;0.154916;0
1653650;2026-08-04;0.173325;0.154916;0
1653650;2026-08-05;0.11771;0.154916;0
1653650;2026-08-06;0.091417;0.154916;0
1653650;2026-08-08;0.182571;0.130953;0
1653650;2026-08-10;0.029088;0.130953;1
1653650;2026-08-11;0.075;0.105626;0
1653650;2026-08-27;0.111098;0.147333;0
1653650;2026-08-29;0.213317;0.120953;0
1653650;2026-09-01;0.10614;0.134143;0
1653650;2026-09-02;0.099325;0.120953;0
1653650;2026-09-03;0.073999;0.11647;0
1653650;2026-09-04;0.09122;0.111542;0
1653650;2026-09-05;0.164;0.108619;0
1653650;2026-09-07;0.084308;0.108619;0
1653650;2026-09-10;0.134101;0.108619;0
1653650;2026-09-11;0.090658;0.109064;0
1653650;2026-09-12;0.172064;0.109064;0
1653650;2026-09-13;0.091394;0.109064;0
1653650;2026-09-14;0.109427;0.102733;0
1653650;2026-09-15;0.070858;0.102733;0
1653650;2026-09-16;0.136182;0.095359;0
1653650;2026-09-17;0.04956;0.100411;1
1653650;2026-09-18;0.12925;0.100411;0
1653650;2026-09-19;0.09477;0.11856;0
1653650;2026-09-20;0.20178;0.102099;0
1653650;2026-09-22;0.10214;0.116064;0
1653650;2026-09-23;0.122453;0.109427;0
1653650;2026-09-24;0.153543;0.11594;0
1653650;2026-09-25;0.081846;0.11594;0
1653650;2026-09-26;0.171009;0.11594;0
1653650;2026-09-29;0.142;0.122576;0
1653650;2026-09-30;0.116;0.125975;0
1268872;2026-07-14;0.308318;0.456243;0
1268872;2026-07-15;0.420836;0.456243;0
1268872;2026-07-17;0.429561;0.435836;0
1268872;2026-07-18;0.211032;0.425199;1
1268872;2026-07-19;0.023081;0.425199;1
1268872;2026-07-20;0.897907;0.425199;0
1268872;2026-07-26;0.436477;0.462809;0
1268872;2026-07-27;0.424779;0.449063;0
1268872;2026-08-01;0.226259;0.391277;0
1268872;2026-08-02;0.498485;0.391277;0
1268872;2026-08-05;0.650415;0.430628;0
1268872;2026-08-07;0.18937;0.391277;1
1268872;2026-08-11;0.060896;0.350892;1
1268872;2026-08-12;0.4522;0.350892;0
1268872;2026-08-13;0.258675;0.350925;0
1268872;2026-08-14;0.487285;0.350925;0
1268872;2026-08-15;0.611286;0.405021;0
1268872;2026-08-16;0.369154;0.469743;0
1268872;2026-08-20;0.257191;0.369886;0
1268872;2026-08-21;0.089559;0.369886;1
1268872;2026-08-22;0.227;0.369886;0
1268872;2026-08-23;0.415;0.363498;0
1268872;2026-08-28;0.519667;0.392809;0
1268872;2026-08-29;0.348569;0.392809;0
1268872;2026-08-30;0.418633;0.369886;0
1268872;2026-08-31;0.497028;0.392809;0
1268872;2026-09-01;0.2222;0.416816;0
1268872;2026-09-02;0.307532;0.381784;0
1268872;2026-09-03;0.367165;0.32805;0
1268872;2026-09-04;0.294985;0.357867;0
1268872;2026-09-07;0.312039;0.357867;0
1268872;2026-09-08;0.220279;0.348569;0
1268872;2026-09-09;0.402819;0.340865;0
1268872;2026-09-10;0.422698;0.348569;0
1268872;2026-09-11;0.226995;0.357867;0
1268872;2026-09-12;0.407164;0.340865;0
1268872;2026-09-13;0.272017;0.350163;0
1268872;2026-09-14;0.306021;0.3226;0
1268872;2026-09-15;0.365479;0.309785;0
1268872;2026-09-18;0.161187;0.335622;1
1268872;2026-09-19;0.344313;0.335622;0
1268872;2026-09-20;0.386;0.335622;0
1268872;2026-09-23;0.23;0.341198;0
1268872;2026-09-24;0.248636;0.329425;0
1268872;2026-09-26;0.057966;0.313394;1
5084256;2026-09-28;0.287207;0.379727;0
5084256;2026-09-29;0.265936;0.365896;0
8833701;2026-07-15;0.158413;0.157856;0
8833701;2026-07-16;0.062;0.16303;1
8876485;2026-09-25;0.115205;0.07484;0
8876485;2026-09-26;0.020075;0.087031;1
8876485;2026-09-27;0.224397;0.087031;0
8876485;2026-09-28;0.092363;0.107214;0
8876485;2026-09-29;0.035648;0.099223;1
8876485;2026-09-30;0.012592;0.095793;1
2617670;2026-08-29;0.01;0.0205;1
2617670;2026-09-03;0.003;0.0205;1
2617670;2026-09-25;0.159562;0.032;0
2617670;2026-09-26;0.007312;0.040522;1
2617670;2026-09-27;0.071688;0.032;0
2617670;2026-09-28;0.018;0.040522;1
1156864;2026-07-15;0.147287;0.219469;0
1156864;2026-07-25;0.045947;0.149264;1
1156864;2026-07-26;0.208657;0.143583;0
1156864;2026-07-28;0.214949;0.152028;0
1156864;2026-07-29;0.183825;0.160766;0
1156864;2026-07-30;0.312875;0.176272;0
1156864;2026-07-31;0.191953;0.196241;0
1156864;2026-08-01;0.354018;0.200305;0
1156864;2026-08-02;0.181353;0.211803;0
1156864;2026-08-03;0.126754;0.211803;0
1156864;2026-08-04;1.351497;0.200305;0
1156864;2026-08-05;0.116541;0.211803;0
1156864;2026-08-06;0.072981;0.200305;1
1156864;2026-08-07;0.241774;0.200305;0
1156864;2026-08-08;0.123668;0.200305;0
1156864;2026-08-09;0.064385;0.200305;1
1156864;2026-08-13;0.249536;0.18051;0
1156864;2026-08-14;0.289305;0.18051;0
1156864;2026-08-15;0.158493;0.18051;0
1156864;2026-08-16;0.384018;0.16908;0
1156864;2026-08-17;0.232982;0.16908;0
1156864;2026-08-18;0.182531;0.199033;0
1156864;2026-08-19;0.160122;0.181099;0
1156864;2026-08-20;0.286347;0.181099;0
1156864;2026-08-23;0.289;0.200466;0
1156864;2026-08-25;0.294091;0.207757;0
1156864;2026-08-26;0.182493;0.241259;0
1156864;2026-08-27;0.276734;0.241259;0
1156864;2026-08-28;0.238806;0.254858;0
1156864;2026-08-30;0.049083;0.25777;1
1156864;2026-08-31;0.135633;0.235894;0
1156864;2026-09-04;0.081108;0.190337;1
1156864;2026-09-05;0.169;0.182493;0
1156864;2026-09-06;0.325;0.176278;0
1156864;2026-09-07;0;0.176278;1
1156864;2026-09-10;0.05;0.169531;1
1156864;2026-09-28;0.171452;0.275093;0
1156864;2026-09-29;0.115258;0.257107;1
6781357;2026-08-09;0.044;0.03675;0
6781357;2026-08-29;0.020467;0.036062;0
6781357;2026-08-31;0.079742;0.034016;0
6781357;2026-09-01;0.060039;0.036062;0
6781357;2026-09-02;0.065294;0.037688;0
6781357;2026-09-03;0.034294;0.041109;0
6781357;2026-09-05;0.06725;0.036706;0
6781357;2026-09-06;0.03375;0.040712;0
5629612;2026-09-05;0.090667;0.111978;0
5629612;2026-09-06;0.060533;0.105955;0
5629612;2026-09-09;0.08925;0.105955;0
5629612;2026-09-10;0.054025;0.096547;0
5629612;2026-09-11;0.030475;0.089958;1
5629612;2026-09-12;0.241234;0.08657;0
5629612;2026-09-13;0.114927;0.08657;0
5629612;2026-09-14;0.076799;0.08657;0
5629612;2026-09-15;0.165338;0.08657;0
5629612;2026-09-16;0.035701;0.089958;1
5629612;2026-09-19;0.143051;0.08657;0
3344697;2026-09-28;0.108103;0.029167;0
7886852;2026-01-05;0.635;0.514;0
7886852;2026-04-30;0.593;0.5195;0
6018296;2026-02-27;0.327;0.1505;0
4201571;2026-03-20;0.52;0.2795;0
4201571;2026-03-27;0.403;0.343;0
7532225;2026-08-29;0.033429;0.145802;1
7532225;2026-09-26;0.194944;0.1024;0
8165855;2026-08-14;0.2056;0.102346;0
4881123;2026-09-27;0.055286;0.048404;0
4881123;2026-09-28;0.338478;0.060341;0
4881123;2026-09-29;0.079772;0.076555;0
9635995;2026-05-27;0.074;0.0525;0
9635995;2026-05-28;0.1;0.0625;0
9635995;2026-06-15;0.166;0.1145;0
9635995;2026-06-16;0.136;0.1145;0
9635995;2026-06-17;0.25;0.1145;0
9635995;2026-06-20;0.105;0.133;0
9635995;2026-06-24;0.014;0.13;1
9635995;2026-06-30;0.116;0.1105;0
9635995;2026-07-04;0.110625;0.1105;0
9635995;2026-07-19;0.114583;0.126382;0
9635995;2026-07-27;0.106897;0.151552;0
9635995;2026-07-29;0.158333;0.13451;0
9285411;2026-07-16;0;0.0495;1
9285411;2026-07-19;0.0375;0.036;0
9285411;2026-07-20;0.0375;0.036;0
9285411;2026-08-17;0.153818;0.079494;0
9285411;2026-09-28;0.103386;0.086013;0
1282534;2026-08-29;0.095667;0.142117;0
1282534;2026-09-06;0.114;0.138333;0
5138052;2026-07-23;0.377;0.270688;0
4346768;2026-08-11;0;0.076926;1
4346768;2026-08-12;0;0.076194;1
4346768;2026-08-13;0;0.071226;1
4346768;2026-08-14;0;0.06478;1
4346768;2026-08-15;0;0.063613;1
4346768;2026-08-30;0.063;0.063455;0
4346768;2026-09-08;0;0.07183;1
4346768;2026-09-09;0;0.071603;1
4346768;2026-09-10;0.001;0.071603;1
4346768;2026-09-11;0;0.071603;1
6509718;2026-07-19;0.187405;0.074464;0
6509718;2026-07-20;0.007095;0.090207;1
6471186;2026-05-28;0.074;0.051;0
6471186;2026-07-09;0.120364;0.028;0
6471186;2026-08-19;0.097;0.02275;0
6471186;2026-08-20;0.135;0.027076;0
6471186;2026-09-26;0.005;0.139264;1
1249540;2026-08-31;0.520208;0.448096;0
1249540;2026-09-02;0.241744;0.520208;1
1249540;2026-09-03;2.149;0.484152;0
1249540;2026-09-09;0.535261;0.409354;0
6121082;2026-09-11;0.012;0.025;1
6121082;2026-09-12;0.011;0.025;1
6121082;2026-09-13;0;0.025;1
6121082;2026-09-16;0;0.025;1
6121082;2026-09-28;0.0725;0.024293;0
6121082;2026-09-29;0.055833;0.024293;0
6121082;2026-09-30;0.007667;0.024293;1
5945886;2026-08-09;0.055;0.132;1
7046513;2026-09-15;0.074533;0.102173;0
1752882;2026-08-16;0.26305;0.241448;0
2224075;2026-08-14;0.250353;0.251151;0
4830669;2026-08-25;0.259;0.083;0
4830669;2026-08-26;0.288;0.152;0
4830669;2026-08-27;1.501;0.2055;0
4830669;2026-08-28;0.207;0.259;0
4830669;2026-08-29;0.256;0.233;0
4830669;2026-08-30;1.517294;0.2575;0
4830669;2026-08-31;1.841706;0.2735;0
4830669;2026-09-01;0.876;0.291;0
4830669;2026-09-02;2.241;0.585;0
4830669;2026-09-03;0.155;1.1885;1
4830669;2026-09-04;0.323;0.585;0
4830669;2026-09-05;0.32;0.3085;0
4830669;2026-09-06;0.392;0.307;0
4830669;2026-09-07;1.33;0.3215;0
4830669;2026-09-08;0.108;0.3575;1
4830669;2026-09-09;0.515;0.3575;0
4830669;2026-09-12;0.408;0.4535;0
4830669;2026-09-13;0.825;0.4615;0
4830669;2026-09-14;0.795;0.4615;0
4830669;2026-09-15;0.311;0.4615;0
4830669;2026-09-16;0.265;0.4;0
4830669;2026-09-17;0.24;0.3575;0
4830669;2026-09-18;0.406;0.3575;0
4830669;2026-09-19;0.258;0.399;0
4830669;2026-09-20;0.227;0.399;0
4830669;2026-09-21;0.336;0.3585;0
4830669;2026-09-22;1.002;0.3235;0
4830669;2026-09-23;0.185;0.371;1
4830669;2026-09-24;0.364979;0.3235;0
4830669;2026-09-25;0.285021;0.336;0
4830669;2026-09-26;0.212;0.3235;0
4830669;2026-09-27;1.441;0.298011;0
4830669;2026-09-28;0.203;0.298011;0
4830669;2026-09-29;0.339;0.275011;0
4830669;2026-09-30;0.288;0.275011;0
3840297;2026-09-22;0.023214;0.07425;1
3840297;2026-09-23;0.042619;0.065675;0
3840297;2026-09-25;0.099764;0.055946;0
3840297;2026-09-26;0.142511;0.0571;0
3840297;2026-09-29;0.03;0.087007;1
8793597;2026-07-23;0.039375;0.082678;1
8793597;2026-09-29;0.110611;0.04726;0
6842708;2026-07-21;0.003045;0.021335;1
6842708;2026-07-25;0.004235;0.022925;1
6842708;2026-07-26;0.058202;0.022925;0
6842708;2026-07-28;0.032297;0.02213;0
6842708;2026-08-01;0.007235;0.02213;1
6842708;2026-08-08;0.011263;0.027939;1
6842708;2026-08-09;0.006;0.027939;1
6842708;2026-08-16;0.023111;0.021277;0
6842708;2026-08-17;0.003889;0.020468;1
6842708;2026-08-19;0.058519;0.020468;0
6842708;2026-08-20;0.011588;0.020468;0
2462031;2026-07-08;0.110698;0.170711;0
2462031;2026-07-30;0.153785;0.165986;0
2462031;2026-08-04;0.124375;0.157288;0
2462031;2026-08-13;0.154072;0.153785;0
2462031;2026-08-15;0.206131;0.154072;0
2462031;2026-09-02;0.150513;0.125321;0
2462031;2026-09-05;0.119558;0.136356;0
2462031;2026-09-13;0.140256;0.143642;0
2462031;2026-09-20;0.127534;0.140237;0
2462031;2026-09-21;0.04791;0.136771;1
1838515;2026-06-20;0.199;0.068;0
1838515;2026-06-21;0.421;0.068;0
1838515;2026-07-12;0.029412;0.125332;1
1838515;2026-07-14;0.218229;0.115465;0
1838515;2026-07-16;0.229781;0.118771;0
1838515;2026-07-17;0.10539;0.128637;0
1838515;2026-07-19;0.060667;0.115465;0
1838515;2026-07-22;0.145165;0.108775;0
1838515;2026-07-23;0.032113;0.115465;1
1838515;2026-07-24;0.20949;0.11216;0
1838515;2026-08-23;0.255194;0.116205;0
1838515;2026-09-04;0.075077;0.168406;1
1838515;2026-09-08;0.2555;0.152976;0
1838515;2026-09-10;0.165075;0.152976;0
1838515;2026-09-28;0.432044;0.163662;0
1838515;2026-09-29;0.176754;0.168671;0
1838515;2026-09-30;0.253906;0.175217;0
4947265;2026-06-22;0.09;0.101;0
4947265;2026-06-23;0.155;0.0955;0
4947265;2026-06-25;0.148;0.1065;0
4947265;2026-06-27;0.049;0.1065;1
4947265;2026-06-28;0.068;0.101;0
4947265;2026-06-29;0.026;0.101;1
4947265;2026-06-30;0.106;0.0955;0
4947265;2026-07-01;0.002;0.0955;1
4947265;2026-07-02;0.037;0.0955;1
4947265;2026-07-04;0.0967;0.0955;0
4947265;2026-07-05;0.113308;0.09335;0
4947265;2026-07-08;0.19699;0.102961;0
4947265;2026-07-10;0.084982;0.09885;0
4947265;2026-08-09;0.142;0.106341;0
4947265;2026-08-12;0.105482;0.116693;0
4947265;2026-08-13;0.1657;0.105912;0
4947265;2026-08-14;0.091143;0.116693;0
4947265;2026-08-15;0.221548;0.116264;0
4947265;2026-08-16;0.059577;0.116264;0
4947265;2026-08-17;0.022232;0.098313;1
4947265;2026-08-18;0.095643;0.098313;0
4755967;2026-07-22;0.076276;0.046556;0
4755967;2026-07-29;0.017435;0.065833;1
4755967;2026-07-30;0.065847;0.065833;0
4755967;2026-07-31;0.035861;0.066737;0
4755967;2026-08-01;0.048857;0.050854;0
4755967;2026-08-04;0.038875;0.048857;0
4755967;2026-08-11;0.187932;0.035861;0
4755967;2026-08-13;0.223235;0.043866;0
4755967;2026-08-14;0.17425;0.043866;0
4755967;2026-09-21;0.166;0.12344;0
4755967;2026-09-22;0.276085;0.137643;0
4755967;2026-09-23;0.148569;0.151846;0
4755967;2026-09-24;0.114604;0.150208;0
4755967;2026-09-25;0.128287;0.148569;0
4755967;2026-09-26;0.156455;0.138428;0
4755967;2026-09-27;0.23738;0.148569;0
4755967;2026-09-28;0.077127;0.150208;0
4755967;2026-09-30;0.143153;0.15415;0
3351652;2026-07-24;0.104927;0.104469;0
3351652;2026-07-25;0.126203;0.106049;0
3351652;2026-07-27;0.082753;0.106049;0
3351652;2026-07-28;0.062296;0.106049;0
3351652;2026-07-29;0.043951;0.106049;1
3351652;2026-08-01;0.148867;0.095116;0
3351652;2026-08-02;0.04355;0.103347;1
3351652;2026-08-04;0.027204;0.082152;1
3351652;2026-08-06;0.055427;0.053124;0
3351652;2026-08-07;0.029635;0.049689;0
3351652;2026-08-08;0.052398;0.043751;0
3351652;2026-08-10;0.060565;0.048175;0
3351652;2026-08-12;0.091083;0.048175;0
3351652;2026-08-13;0.088363;0.053913;0
3351652;2026-08-14;0.007286;0.055427;1
3351652;2026-08-16;0.048379;0.047974;0
3351652;2026-08-21;0.060585;0.05907;0
3351652;2026-08-23;0.110243;0.061799;0
3351652;2026-08-24;0.034417;0.062103;0
3351652;2026-08-26;0;0.062103;1
3351652;2026-08-29;0.001;0.054482;1
3351652;2026-08-31;0;0.047501;1
3351652;2026-09-26;0.055588;0.080589;0
3351652;2026-09-27;0.142;0.080589;0
7365695;2026-08-17;0.032274;0.041532;0
7365695;2026-08-20;0.013776;0.037586;1
7365695;2026-08-23;0.001;0.035491;1
7365695;2026-08-25;0.001;0.030024;1
7365695;2026-08-26;0.013067;0.030024;1
7365695;2026-08-29;0.040316;0.020354;0
7365695;2026-08-30;0.019184;0.020354;0
7365695;2026-09-04;0.066353;0.023045;0
7365695;2026-09-08;0;0.026919;1
7365695;2026-09-09;0.001;0.026919;1
8198980;2026-07-17;0.125322;0.202516;0
8198980;2026-07-18;0.144009;0.202516;0
8198980;2026-07-19;0.191954;0.184405;0
8198980;2026-07-20;0.038519;0.182477;1
8198980;2026-07-22;0.280318;0.193883;0
8198980;2026-07-26;0.051767;0.191563;1
8198980;2026-07-29;0.289289;0.16759;0
8198980;2026-07-31;0.217627;0.16759;0
8198980;2026-08-02;0.269562;0.199227;0
8198980;2026-08-04;0.184337;0.212812;0
8198980;2026-08-06;0.085585;0.199584;1
8198980;2026-08-12;0.31558;0.207998;0
8198980;2026-08-13;0.192793;0.207998;0
8198980;2026-08-15;0.173076;0.184337;0
8198980;2026-08-19;0.2203;0.130094;0
8198980;2026-08-21;0.366978;0.140891;0
8198980;2026-09-06;0.210255;0.211446;0
8198980;2026-09-25;0.256438;0.158333;0
8198980;2026-09-26;0.2553;0.207386;0
4797165;2026-06-24;0.031;0.043;0
4797165;2026-06-27;0.061;0.0415;0
4797165;2026-07-02;0.049;0.04;0
4797165;2026-07-07;0.049977;0.0385;0
4797165;2026-08-05;0.031095;0.027385;0
4797165;2026-08-06;0.046814;0.027385;0
4797165;2026-08-11;0.039;0.034825;0
4797165;2026-08-22;0.055456;0.050441;0
4797165;2026-08-23;0.039544;0.050441;0
4797165;2026-08-24;0.032973;0.042524;0
4797165;2026-08-27;0.04335;0.041027;0
4797165;2026-08-30;0.061016;0.039544;0
4797165;2026-08-31;0.044087;0.040285;0
4797165;2026-09-01;0.064;0.041027;0
4797165;2026-09-02;0.032;0.04335;0
4797165;2026-09-07;0.022;0.042189;0
4797165;2026-09-08;0.066;0.042189;0
4797165;2026-09-09;0.043;0.043718;0
4797165;2026-09-10;0.041;0.043718;0
4797165;2026-09-11;0.064243;0.043543;0
4797165;2026-09-12;0.027757;0.044087;0
4797165;2026-09-13;0.076957;0.043543;0
4797165;2026-09-14;0.062833;0.043543;0
4797165;2026-09-25;0.018;0.061231;1
4797165;2026-09-26;0.085733;0.05575;0
4797165;2026-09-29;0.065385;0.045267;0
2376453;2026-08-17;0.057256;0.070369;0
2376453;2026-08-22;0.082;0.070263;0
2376453;2026-08-26;0.073194;0.071389;0
2376453;2026-08-27;0.163222;0.071389;0
2376453;2026-08-28;0.073778;0.071389;0
6426480;2026-06-26;0.195;0.272;0
6426480;2026-06-27;0.043;0.272;1
6426480;2026-07-09;0.585772;0.355516;0
6426480;2026-07-10;0.32764;0.39445;0
6426480;2026-07-11;0.443172;0.39445;0
6426480;2026-07-16;0.418545;0.431269;0
6426480;2026-07-20;0.454807;0.423075;0
6426480;2026-07-22;0.524517;0.430858;0
6426480;2026-07-24;0.577051;0.430858;0
6426480;2026-07-25;0.386144;0.44899;0
6426480;2026-07-26;0.508059;0.436676;0
6426480;2026-07-27;0.839592;0.46645;0
6426480;2026-07-31;0.393259;0.456279;0
6426480;2026-08-01;0.803704;0.456279;0
6426480;2026-08-02;0.536784;0.467922;0
6426480;2026-08-04;0.605606;0.493076;0
6426480;2026-08-05;0.468417;0.516288;0
6426480;2026-08-14;0.366816;0.545892;0
6426480;2026-08-16;0.118534;0.544967;1
6426480;2026-08-28;0.18487;0.418998;1
6426480;2026-08-29;0.093953;0.418998;1
6426480;2026-08-30;0.038182;0.309284;1
6426480;2026-08-31;0.32228;0.309284;0
6426480;2026-09-02;0.623103;0.32228;0
6426480;2026-09-03;0.584776;0.325788;0
6426480;2026-09-05;0.469233;0.357383;0
6426480;2026-09-26;0.293865;0.345007;0
6426480;2026-09-28;0.671597;0.344101;0
6426480;2026-09-29;0.122403;0.344101;1
6026159;2026-08-28;0.073053;0.023659;0
6026159;2026-09-01;0.01408;0.061;1
7607353;2026-09-29;0.089397;0.081974;0
7607353;2026-09-30;0.06313;0.081974;0
8647630;2026-08-08;0.083;0.139;0
8647630;2026-08-17;0.131;0.066;0
8647630;2026-08-19;0.126;0.066;0
8647630;2026-08-20;0.068;0.0745;0
8647630;2026-08-21;0.063;0.068;0
8647630;2026-08-22;0.099;0.067;0
8647630;2026-08-23;0.206;0.067;0
8647630;2026-09-01;0;0.068;1
8647630;2026-09-02;0.002;0.068;1
8647630;2026-09-03;0.065;0.063;0
8647630;2026-09-16;0.161;0.1035;0
8647630;2026-09-17;0.199;0.1195;0
8647630;2026-09-26;0.13;0.146;0
8647630;2026-09-27;0.035;0.132;1
2660867;2026-08-23;0.14175;0.060926;0
2660867;2026-09-03;0.074077;0.071538;0
7255952;2026-08-18;0.147246;0.175745;0
7255952;2026-08-21;0.231476;0.175745;0
7255952;2026-08-22;0.135631;0.182588;0
7255952;2026-08-24;0.146639;0.181618;0
7255952;2026-08-25;0.275577;0.160168;0
7255952;2026-08-30;0.040041;0.146943;1
7255952;2026-09-02;0.082857;0.141135;0
7255952;2026-09-03;0.2775;0.141135;0
7255952;2026-09-04;0.119944;0.141135;0
7255952;2026-09-09;0.096667;0.123338;0
4737677;2026-08-07;0.029512;0.090025;1
4737677;2026-08-08;0.260426;0.067712;0
4737677;2026-08-09;0.202454;0.067712;0
4737677;2026-08-10;0.052594;0.067712;0
4737677;2026-08-11;0.071526;0.051165;0
4737677;2026-08-12;0.074679;0.051165;0
4737677;2026-08-13;0.045377;0.06206;0
4737677;2026-08-18;0.016757;0.048985;1
4737677;2026-08-20;0.042871;0.051316;0
4737677;2026-08-21;0.069091;0.047707;0
4737677;2026-08-24;0.041625;0.047707;0
4737677;2026-08-25;0.009375;0.044824;1
4737677;2026-09-11;0.072944;0.091404;0
4737677;2026-09-12;0.428722;0.08;0
4737677;2026-09-13;0.021778;0.091404;1
4737677;2026-09-16;0.139464;0.08;0
4737677;2026-09-19;0.116478;0.091404;0
4737677;2026-09-20;0.584973;0.097778;0
4737677;2026-09-21;0.23552;0.116017;0
4737677;2026-09-23;0.258864;0.127971;0
4737677;2026-09-24;0.515677;0.159156;0
4737677;2026-09-25;0.197958;0.207184;0
4737677;2026-09-27;0.161196;0.216739;0
4737677;2026-09-28;0.272844;0.216739;0
4737677;2026-09-29;0.136519;0.23552;0
7369840;2026-08-14;0.487692;0.492238;0
7369840;2026-08-20;0.148434;0.507755;1
7369840;2026-08-24;0.721;0.527819;0
7369840;2026-09-02;0.103629;0.527819;1
7369840;2026-09-05;0.584328;0.528755;0
7369840;2026-09-06;0.382834;0.584328;0
7369840;2026-09-08;1.037304;0.423195;0
7369840;2026-09-09;0.376385;0.456351;0
7369840;2026-09-10;0.378427;0.423195;0
7369840;2026-09-14;0.259385;0.380631;0
7369840;2026-09-19;0.334312;0.325899;0
7369840;2026-09-27;0.619545;0.311621;0
7369840;2026-09-28;0.296582;0.311621;0
7654177;2026-08-09;0.0525;0.098962;0
7654177;2026-08-10;0.069846;0.085333;0
7654177;2026-08-11;0.061154;0.085333;0
7654177;2026-08-13;0.084609;0.077972;0
7654177;2026-09-04;0.087857;0.104468;0
7654177;2026-09-09;0.105143;0.087857;0
7654177;2026-09-10;0.095176;0.096162;0
7654177;2026-09-12;0.076655;0.091517;0
7654177;2026-09-22;0.103714;0.095176;0
7654177;2026-09-23;0.094677;0.095176;0
7654177;2026-09-24;0.104333;0.094677;0
7654177;2026-09-26;0.110478;0.094677;0
7654177;2026-09-27;0.091071;0.103714;0
7654177;2026-09-29;0.083506;0.094677;0
7654177;2026-09-30;0.062857;0.092874;0
7763731;2026-08-09;0.070477;0.106979;0
7763731;2026-08-18;0.108447;0.082762;0
7763731;2026-08-19;0.048394;0.082762;0
7763731;2026-08-20;0.046059;0.082762;0
7763731;2026-08-21;0.063135;0.070477;0
7763731;2026-08-23;0.026485;0.063135;1
7763731;2026-08-27;0.169467;0.048394;0
7763731;2026-08-28;0.077572;0.055764;0
7763731;2026-08-29;0.078314;0.063135;0
7763731;2026-08-30;0.129322;0.070353;0
7763731;2026-08-31;0.134655;0.077572;0
7763731;2026-09-01;0.060901;0.077943;0
7763731;2026-09-02;0.059769;0.070353;0
7763731;2026-09-10;0.070228;0.078314;0
7763731;2026-09-12;0.151065;0.075306;0
7763731;2026-09-14;0.072437;0.075306;0
7763731;2026-09-16;0.077949;0.075306;0
7763731;2026-09-17;0.100226;0.077949;0
7763731;2026-09-18;0.062625;0.086802;0
7763731;2026-09-21;0.0117;0.077949;1
7763731;2026-09-29;0.03913;0.077949;0
4246738;2026-08-09;0.016141;0.04077;1
4246738;2026-08-10;0.032786;0.04077;0
4246738;2026-09-22;0.051206;0.04;0
4246738;2026-09-23;0.040773;0.045603;0
4246738;2026-09-24;0.045993;0.040773;0
4246738;2026-09-25;0.035912;0.043383;0
4246738;2026-09-29;0.038227;0.040386;0
8025433;2026-09-19;0.061543;0.141579;1
2489985;2026-08-07;0.044278;0.034392;0
2489985;2026-08-08;0.044958;0.038712;0
2489985;2026-08-10;0.108844;0.042086;0
2489985;2026-08-11;0.057556;0.044618;0
2489985;2026-09-04;0;0.0243;1
2489985;2026-09-23;0.029128;0.023632;0
2489985;2026-09-26;0.024;0.025053;0
2489985;2026-09-27;0.038;0.024526;0
2489985;2026-09-28;0.008071;0.025053;1
2489985;2026-09-30;0.001125;0.024526;1
5529203;2026-09-15;0.0416;0.025719;0
5529203;2026-09-23;0.003636;0.03615;1
5529203;2026-09-24;0.019441;0.027586;0
5529203;2026-09-25;0.018923;0.022133;0
5828152;2026-08-07;0.025;0.0365;0
5828152;2026-08-08;0.078;0.033;0
5828152;2026-08-09;0.076;0.033;0
5828152;2026-08-10;0.015;0.033;1
5828152;2026-08-13;0.038;0.0315;0
5828152;2026-08-16;0.064;0.036;0
5828152;2026-08-17;0.022;0.0385;0
5828152;2026-08-20;0;0.0385;1
5828152;2026-08-21;0.009;0.0315;1
5828152;2026-08-22;0;0.03;1
5828152;2026-09-05;0.025;0.028;0
5828152;2026-09-06;0.019;0.0315;0
5828152;2026-09-07;0.124;0.0315;0
5828152;2026-09-08;0.032;0.038;0
5828152;2026-09-09;0.029;0.035;0
5828152;2026-09-10;0.017;0.032;0
5828152;2026-09-11;0.059;0.0305;0
5828152;2026-09-12;0.087;0.035;0
5828152;2026-09-13;0.041;0.038;0
5828152;2026-09-14;0.039;0.0395;0
5828152;2026-09-15;0.018;0.0385;1
5828152;2026-09-16;0.015;0.0385;1
5828152;2026-09-17;0.017;0.035;1
5828152;2026-09-18;0.136;0.0305;0
5828152;2026-09-19;0.095;0.0305;0
5828152;2026-09-20;0.03;0.0355;0
5828152;2026-09-21;0.018;0.0355;0
5828152;2026-09-22;0.06;0.031;0
5828152;2026-09-23;0.029;0.0345;0
5828152;2026-09-24;0.006;0.0345;1
5828152;2026-09-25;0.019;0.0345;0
5828152;2026-09-26;0.134;0.0295;0
5828152;2026-09-27;0.078;0.0295;0
5828152;2026-09-28;0.039;0.0295;0
5828152;2026-09-29;0.014;0.0295;1
9062427;2026-08-08;0.101;0.053571;0
9062427;2026-08-16;0.191054;0.115818;0
9062427;2026-08-18;0.086294;0.101;0
9062427;2026-08-19;0.080399;0.090357;0
9062427;2026-08-20;0.090982;0.090357;0
9062427;2026-08-22;0.055911;0.090982;0
9062427;2026-08-25;0.186324;0.087114;0
9062427;2026-08-27;0.033231;0.087114;1
9062427;2026-08-29;0.082273;0.087114;0
9062427;2026-08-30;0.167555;0.086704;0
9062427;2026-08-31;0.034571;0.086704;1
9062427;2026-09-03;0.095793;0.084694;0
9062427;2026-09-04;0.045207;0.084694;0
9062427;2026-09-05;0.056;0.078359;0
9062427;2026-09-06;0.001;0.078359;1
9062427;2026-09-08;0.087714;0.078359;0
9062427;2026-09-09;0.051725;0.078359;0
9062427;2026-09-10;0.022561;0.069137;1
9062427;2026-09-14;0.001;0.053862;1
9062427;2026-09-15;0.001;0.053862;1
9062427;2026-09-16;0;0.050044;1
9062427;2026-09-17;0;0.048466;1
2915837;2026-08-07;0.093409;0.06156;0
2915837;2026-08-08;0.155724;0.067619;0
2915837;2026-08-09;0.086121;0.067784;0
2915837;2026-08-19;0.061589;0.101371;0
2915837;2026-08-21;0.074533;0.091405;0
2915837;2026-08-22;0.206308;0.087761;0
2915837;2026-08-25;0.108025;0.099367;0
2915837;2026-09-07;0.048667;0.070657;0
2915837;2026-09-11;0.050269;0.039556;0
2915837;2026-09-12;0.041595;0.048667;0
1626490;2026-09-23;0.064723;0.119815;0
1626490;2026-09-28;0.062605;0.094721;0
1626490;2026-09-29;0.136395;0.0844;0
2976229;2026-08-08;0.156514;0.060929;0
2976229;2026-08-10;0.080583;0.076594;0
2976229;2026-08-23;0.072607;0.131565;0
2976229;2026-08-25;0.056457;0.110208;0
2976229;2026-08-26;0.059821;0.105475;0
2976229;2026-09-02;0.086333;0.072652;0
2976229;2026-09-28;0.030033;0.094093;1
2976229;2026-09-29;0.022967;0.088763;1
2306353;2026-09-01;0.102369;0.066545;0
2306353;2026-09-12;0;0.07546;1
2306353;2026-09-13;0.018;0.066816;1
2306353;2026-09-14;0.051;0.066816;0
2306353;2026-09-15;0.172773;0.057206;0
1934676;2026-08-14;0.185722;0.144479;0
1934676;2026-08-16;0.284086;0.155326;0
1934676;2026-08-17;0.11428;0.160975;0
1934676;2026-08-19;0.093767;0.149903;0
1934676;2026-08-30;0.151818;0.123438;0
1934676;2026-08-31;0.240749;0.123438;0
1934676;2026-09-02;0.133695;0.123438;0
1934676;2026-09-06;0.0495;0.129033;1
1934676;2026-09-13;0.340294;0.177102;0
1934676;2026-09-14;0.377519;0.221568;0
1934676;2026-09-15;0.234818;0.229064;0
1934676;2026-09-18;0.093775;0.259293;1
1934676;2026-09-19;0.090684;0.259293;1
1934676;2026-09-20;0.264832;0.245279;0
1934676;2026-09-21;0.097582;0.259293;1
1017574;2026-08-19;0.384877;0.490409;0
1017574;2026-09-05;0.304655;0.513357;0
1017574;2026-09-26;0.375476;0.507834;0
1017574;2026-09-27;0.403532;0.502599;0
1017574;2026-09-28;0.37774;0.487373;0
1017574;2026-09-29;0.291516;0.464607;0
1017574;2026-09-30;0.299029;0.445424;0
8112530;2026-08-16;0.442471;0.449345;0
8112530;2026-08-20;0.211282;0.400235;0
8112530;2026-08-24;0.336806;0.33847;0
8112530;2026-08-26;0.243881;0.341736;0
8112530;2026-08-27;0.526362;0.328795;0
8112530;2026-08-29;0.349171;0.319057;0
8112530;2026-08-30;0.465923;0.319057;0
8112530;2026-09-01;0.37287;0.327068;08112530;2026-09-03;0.258329;0.342988;0
8112530;2026-09-04;0.164571;0.342988;1
8112530;2026-09-19;0.572344;0.360333;0
8112530;2026-09-20;0.54402;0.360333;0
8112530;2026-09-21;0.229188;0.360333;0
8112530;2026-09-22;0.326759;0.335278;0
4745301;2026-09-26;0.104;0.05625;0
4745301;2026-09-27;0.072;0.05625;0
8344936;2026-09-06;0.052585;0.021357;0
8344936;2026-09-10;0.021721;0.044949;1
8344936;2026-09-14;0.010824;0.062302;1
8344936;2026-09-23;0.001;0.021338;1
3397815;2026-08-14;0.222333;0.16393;0
3397815;2026-08-15;0.204667;0.16393;0
3397815;2026-08-16;0.276818;0.16393;0
3397815;2026-08-20;0.099901;0.15968;0
3397815;2026-08-21;0.140506;0.15968;0
3397815;2026-08-28;0.099;0.131795;0
3397815;2026-09-14;0.155;0.165458;0
3397815;2026-09-15;0.089894;0.160616;0
3397815;2026-09-29;0.103829;0.125096;0
3397815;2026-09-30;0.064591;0.125096;0
4127861;2026-08-16;0.045;0.0288;0
4127861;2026-08-17;0.030794;0.03235;0
2636603;2026-03-04;0.167;0.1355;0
2636603;2026-03-05;0.228;0.1395;0
2636603;2026-03-06;0.168;0.1395;0
2636603;2026-03-10;0.142;0.1295;0
2636603;2026-03-12;0.131;0.1375;0
2636603;2026-03-15;0.081;0.1325;0
2636603;2026-03-17;0.15;0.1325;0
2636603;2026-03-19;0.153;0.1295;0
2636603;2026-03-20;0.1;0.1295;0
2636603;2026-03-29;0.091;0.113;0
2636603;2026-03-30;0.119;0.113;0
2636603;2026-03-31;0.108;0.1095;0
2636603;2026-04-01;0.069;0.104;0
2636603;2026-04-03;0.134;0.104;0
2636603;2026-04-06;0.086;0.1135;0
2636603;2026-04-08;0.141;0.1135;0
2636603;2026-04-13;0.113;0.1135;0
2636603;2026-05-17;0.003;0.112;1
2636603;2026-05-18;0.039;0.108;1
2636603;2026-05-19;0.073;0.0905;0
2636603;2026-05-31;0.156;0.061;0
2636603;2026-06-17;0.077;0.115;0
2636603;2026-06-19;0.159;0.106;0
2636603;2026-06-23;0.11;0.1105;0
2636603;2026-06-24;0.173;0.1125;0
2636603;2026-06-26;0.155;0.115;0
2636603;2026-06-27;0.133;0.115;0
2636603;2026-08-16;0.048165;0.030139;0
2636603;2026-08-21;0.06858;0.038016;0
2636603;2026-08-22;0.037983;0.04309;0
2636603;2026-08-23;0.067934;0.04309;0
2636603;2026-08-24;0.040486;0.048165;0
2636603;2026-08-25;0.069928;0.044325;0
2636603;2026-08-26;0.022939;0.044325;0
2636603;2026-08-27;0.047753;0.039251;0
2636603;2026-08-28;0.052777;0.04412;0
2636603;2026-08-29;0.049942;0.047959;0
2636603;2026-08-30;0.063433;0.049053;0
2636603;2026-08-31;0.1535;0.051359;0
2636603;2026-09-01;0.068188;0.055746;0
2636603;2026-09-02;0.04671;0.055746;0
2636603;2026-09-03;0.027349;0.051359;0
2636603;2026-09-04;0.114576;0.051359;0
2636603;2026-09-05;0.05262;0.051359;0
2636603;2026-09-06;0.166892;0.052698;0
2636603;2026-09-07;0.146102;0.052698;0
2636603;2026-09-08;0.107823;0.058105;0
2636603;2026-09-09;0.07525;0.058105;0
2636603;2026-09-10;0.149255;0.06581;0
2636603;2026-09-11;0.052947;0.071719;0
2636603;2026-09-12;0.02487;0.071719;1
2636603;2026-09-13;0.08342;0.071719;0
2636603;2026-09-20;0.044;0.09645;1
2636603;2026-09-21;0.055;0.08342;0
7629899;2026-03-01;0.15;0.029;0
7629899;2026-03-02;0.022;0.046;1
7629899;2026-03-03;0.026;0.046;0
7629899;2026-04-04;0.807;0.312;0
7629899;2026-04-07;0.513;0.312;0
7629899;2026-04-08;0.503;0.325;0
7629899;2026-04-09;0.554;0.411;0
7629899;2026-04-10;0.404;0.5;0
7629899;2026-04-11;0.909;0.497;0
7629899;2026-04-12;0.901;0.5;0
7629899;2026-04-13;0.664;0.508;0
7629899;2026-04-14;0.498;0.508;0
7629899;2026-04-15;0.374;0.508;0
7629899;2026-04-16;0.51;0.508;0
7629899;2026-04-17;0.442;0.5115;0
7629899;2026-04-18;0.487;0.5115;0
7629899;2026-04-19;0.804;0.5065;0
7629899;2026-04-20;0.835;0.51;0
7629899;2026-04-23;0.639;0.5415;0
7629899;2026-04-24;0.496;0.5775;0
7629899;2026-04-25;0.856;0.5775;0
7629899;2026-04-26;0.991;0.5775;0
7629899;2026-04-27;0.708;0.5775;0
7629899;2026-04-28;0.397;0.5775;0
7629899;2026-05-01;0.576;0.6325;0
7629899;2026-05-02;1.281;0.6325;0
7629899;2026-05-03;1.356;0.6735;0
7629899;2026-05-04;0.882;0.6735;0
7629899;2026-05-05;0.971;0.6735;0
7629899;2026-05-06;0.948;0.782;0
7629899;2026-05-07;0.596;0.869;0
7629899;2026-05-09;0.872;0.869;0
7629899;2026-05-10;0.895;0.877;0
7629899;2026-05-12;0.749;0.8885;0
7629899;2026-05-13;0.538;0.8885;0
7629899;2026-05-14;0.483;0.882;0
7629899;2026-05-15;0.508;0.877;0
7629899;2026-05-16;0.82;0.877;0
7629899;2026-05-18;0.824;0.846;0
7629899;2026-05-19;0.581;0.822;0
7629899;2026-05-20;0.565;0.8145;0
7629899;2026-05-21;0.542;0.779;0
7629899;2026-05-23;0.427;0.707;0
7629899;2026-05-24;0.478;0.623;0
7629899;2026-05-25;0.736;0.573;0
7629899;2026-05-28;1.011;0.623;0
7629899;2026-09-29;0.705398;0.575606;0
7629899;2026-09-30;0.367812;0.591497;0
8870004;2026-05-23;0.505;0.199;0
5869107;2026-02-27;0.117;0.1465;0
5869107;2026-02-28;0.231;0.1405;0
5869107;2026-03-01;0.115;0.155;0
5869107;2026-03-02;0.198;0.152;0
5869107;2026-03-03;0.236;0.155;0
5869107;2026-03-04;0.109;0.1555;0
5869107;2026-03-05;0.153;0.1555;0
5869107;2026-03-06;0.135;0.156;0
5869107;2026-03-07;0.158;0.1525;0
5869107;2026-03-08;0.154;0.1555;0
5869107;2026-03-09;0.128;0.156;0
5869107;2026-03-10;0.241;0.1535;0
5869107;2026-03-11;0.17;0.1535;0
5869107;2026-03-12;0.173;0.156;0
5869107;2026-03-13;0.146;0.156;0
5869107;2026-03-14;0.204;0.156;0
5869107;2026-03-15;0.15;0.156;0
5869107;2026-03-16;0.157;0.156;0
5869107;2026-03-17;0.128;0.1555;0
5869107;2026-03-18;0.173;0.1535;0
5869107;2026-03-19;0.123;0.1555;0
5869107;2026-03-20;0.246;0.1555;0
5869107;2026-03-21;0;0.1575;1
5869107;2026-03-22;0;0.1555;1
5869107;2026-03-23;0.267;0.1535;0
5869107;2026-03-24;0.189;0.1635;0
5869107;2026-03-25;0.263;0.1635;0
5869107;2026-03-26;0.228;0.165;0
5869107;2026-03-27;0.156;0.165;0
5869107;2026-03-28;0.084;0.165;0
5869107;2026-03-29;0.183;0.1565;0
5869107;2026-03-30;0.294;0.165;0
5869107;2026-03-31;0.166;0.178;0
5869107;2026-04-01;0.169;0.178;0
5869107;2026-04-03;0.132;0.176;0
5869107;2026-04-04;0.12;0.1675;0
5869107;2026-04-05;0.219;0.1675;0
5869107;2026-04-09;0.182;0.1615;0
5869107;2026-04-12;0.159;0.1615;0
5869107;2026-04-13;0.221;0.158;0
5869107;2026-04-14;0.245;0.158;0
5869107;2026-04-15;0.173;0.158;0
5869107;2026-04-17;0.106;0.164;0
5869107;2026-04-19;0.288;0.164;0
5869107;2026-04-20;0.214;0.164;0
5869107;2026-04-23;0.098;0.1655;0
5869107;2026-04-24;0.211;0.1605;0
5869107;2026-04-27;0.136;0.1655;0
5869107;2026-04-28;0.158;0.159;0
5869107;2026-04-30;0.187;0.155;0
5869107;2026-05-01;0.185;0.155;0
5869107;2026-05-02;0.24;0.157;0
5869107;2026-05-03;0.23;0.16;0
5869107;2026-05-04;0.3;0.16;0
5869107;2026-05-05;0.117;0.16;0
5869107;2026-05-06;0.215;0.157;0
5869107;2026-05-07;0.141;0.1715;0
5869107;2026-05-08;0.254;0.1715;0
5869107;2026-05-09;0.162;0.1715;0
5869107;2026-05-11;0.145;0.186;0
5869107;2026-05-12;0.235;0.186;0
5869107;2026-05-13;0.245;0.193;0
5869107;2026-05-14;0.231;0.207;0
5869107;2026-05-15;0.145;0.2225;0
5869107;2026-05-16;0.199;0.2225;0
5869107;2026-05-17;0.23;0.207;0
5869107;2026-05-18;0.276;0.207;0
5869107;2026-05-19;0.176;0.207;0
5869107;2026-05-20;0.189;0.207;0
5869107;2026-05-21;0.231;0.199;0
5869107;2026-05-22;0.118;0.2145;0
5869107;2026-05-23;0.127;0.199;0
5869107;2026-05-26;0.187;0.2145;0
5869107;2026-05-27;0.138;0.194;0
5869107;2026-05-28;0.275;0.188;0
5869107;2026-05-29;0.185;0.188;0
5869107;2026-05-30;0.205;0.188;0
5869107;2026-05-31;0.172;0.188;0
5869107;2026-06-01;0.193;0.186;0
5869107;2026-06-02;0.206;0.186;0
5869107;2026-06-04;0.223;0.186;0
5869107;2026-06-05;0;0.186;1
5869107;2026-06-07;0;0.186;1
5869107;2026-06-09;0;0.1785;1
5869107;2026-06-10;0;0.155;1
5869107;2026-06-11;0;0.1495;1
5869107;2026-06-12;0;0.0635;1
5869107;2026-06-21;0.158;0.051;0
5869107;2026-06-22;0.126;0.1275;0
5869107;2026-06-23;0.174;0.1395;0
5869107;2026-06-28;0.146;0.1555;0
5869107;2026-06-29;0.257;0.1555;0
5869107;2026-06-30;0.12;0.1555;0
5869107;2026-07-02;0.290727;0.1495;0
5869107;2026-07-03;0.183273;0.152;0
5869107;2026-07-05;0.28;0.136;0
5869107;2026-07-07;0.1872;0.16;0
5869107;2026-07-08;0.239182;0.1609;0
5869107;2026-07-09;0.211818;0.179536;0
5869107;2026-07-10;0.221;0.185236;0
5869107;2026-07-11;0.187;0.199509;0
5869107;2026-07-14;0.055;0.211909;1
5869107;2026-07-16;0.121333;0.216409;0
5869107;2026-07-17;0.226359;0.199509;0
5869107;2026-07-18;0.114308;0.216409;0
5869107;2026-07-19;0;0.216409;1
5869107;2026-07-20;0.036;0.199509;1
5869107;2026-07-22;0.118556;0.212131;0
5869107;2026-07-23;0.083333;0.199409;1
5869107;2026-07-24;0.006667;0.154167;1
5869107;2026-07-26;0.279136;0.119944;0
5869107;2026-07-28;0.116856;0.119944;0
5869107;2026-07-29;0.269528;0.119944;0
5869107;2026-07-31;0.260242;0.16131;0
5869107;2026-08-01;0.206175;0.16131;0
5869107;2026-08-03;0.321667;0.20512;0
5869107;2026-08-05;0.053182;0.20512;1
5869107;2026-08-08;0.1085;0.233209;1
5869107;2026-08-09;0;0.20512;1
5869107;2026-08-14;0.299133;0.155296;0
5869107;2026-08-22;0.2561;0.178118;0
5869107;2026-08-23;0.1757;0.200485;0
5869107;2026-08-26;0.236458;0.200485;0
5869107;2026-08-29;0.125;0.184885;0
5869107;2026-08-31;0.187766;0.189;0
5869107;2026-09-01;0.141;0.188383;0
5869107;2026-09-02;0.252;0.184268;0
5869107;2026-09-03;0.193;0.188383;0
5869107;2026-09-05;0.031091;0.188383;1
5869107;2026-09-06;0.371545;0.181733;0
5869107;2026-09-07;0.247455;0.188383;0
5869107;2026-09-08;0.201;0.189;0
5869107;2026-09-09;0.21;0.191;0
5869107;2026-09-10;0.108167;0.191;0
5869107;2026-09-11;0.130833;0.191;0
5869107;2026-09-12;0.227933;0.190383;0
5869107;2026-09-13;0.162847;0.197;0
5869107;2026-09-14;0.212219;0.190383;0
5869107;2026-09-16;0.269;0.197;0
5869107;2026-09-17;0.109667;0.197;0
5869107;2026-09-18;0.182564;0.181924;0
5869107;2026-09-20;0.186;0.191782;0
5869107;2026-09-21;0.130364;0.184282;0
5869107;2026-09-22;0.168713;0.172706;0
5869107;2026-09-23;0.25863;0.16578;0
5869107;2026-09-24;0.159543;0.16578;0
5869107;2026-09-25;0.08575;0.16578;0
5869107;2026-09-27;0.249714;0.16578;0
5869107;2026-09-28;0.094714;0.175639;0
2121889;2026-09-27;0.655;0.351725;0
4273329;2026-09-26;0.068;0.1265;0
2022801;2026-09-28;0.192013;0.204174;0
4183513;2026-09-24;0.064;0.066;0
8697703;2026-05-02;0.214;0.047;0
8697703;2026-05-03;0.067;0.048;0
8697703;2026-05-04;0.018;0.0575;1
8697703;2026-05-10;0.12;0.048;0
8697703;2026-05-11;0.02;0.067;1
8697703;2026-06-30;0.257;0.125;0
8697703;2026-07-01;0.134;0.125;0
8697703;2026-07-02;0.130298;0.125;0
8697703;2026-07-03;0.247121;0.130298;0
8697703;2026-07-04;0.106444;0.134;0
8697703;2026-07-05;0.176345;0.130298;0
8697703;2026-07-06;0.283671;0.132149;0
8697703;2026-07-07;0.141242;0.134;0
8697703;2026-07-08;0.041798;0.137621;1
8697703;2026-07-09;0.213081;0.134;0
8697703;2026-07-10;0.141;0.137621;0
8697703;2026-07-11;0.050115;0.141;1
8697703;2026-07-12;0.211051;0.1375;0
8697703;2026-07-13;0.036477;0.141121;1
8697703;2026-07-14;0.109542;0.141121;0
8697703;2026-07-15;0.067714;0.1375;1
8697703;2026-07-16;0.07735;0.135649;0
8697703;2026-07-17;0.10075;0.125271;0
8697703;2026-07-24;0.191333;0.08905;0
9917719;2026-07-04;0.08;0.205;1
9917719;2026-07-07;0.059;0.168;1
9917719;2026-07-14;0.078;0.0755;0
9917719;2026-07-17;0.221;0.0705;0
9917719;2026-07-18;0.168;0.071;0
9917719;2026-07-21;0.283;0.077;0
9917719;2026-07-28;0.262;0.252;0
9917719;2026-07-29;0.468;0.2725;0
9917719;2026-08-09;0.214884;0.265444;0
9917719;2026-08-12;0.399082;0.265444;0
9917719;2026-08-15;0.329977;0.262301;0
9917719;2026-08-16;0.34776;0.265444;0
9917719;2026-08-22;0.246576;0.242434;0
9917719;2026-08-23;0.293;0.235788;0
9917719;2026-08-24;0.109415;0.253222;1
9917719;2026-08-26;0.338056;0.235788;0
9917719;2026-08-28;0.085169;0.229387;1
7364376;2026-08-29;0.287;0.082;0
7364376;2026-08-30;0.419;0.1975;0
7364376;2026-08-31;0.172;0.234;0
7364376;2026-09-01;0.154;0.203;0
7364376;2026-09-02;0.19;0.203;0
7364376;2026-09-03;0.192;0.212;0
7364376;2026-09-04;0.17;0.213;0
7364376;2026-09-05;0.213;0.213;0
7364376;2026-09-06;0.331;0.2235;0
7364376;2026-09-07;0.18;0.242;0
7364376;2026-09-08;0.541;0.2235;0
7364376;2026-09-09;0.389;0.2235;0
7364376;2026-09-10;0.386;0.2235;0
7364376;2026-09-11;0.241;0.2315;0
7364376;2026-09-12;0.412;0.227;0
7364376;2026-09-13;0.741;0.227;0
7364376;2026-09-14;0.365;0.227;0
7364376;2026-09-15;0.302;0.286;0
7364376;2026-09-16;0.231;0.3165;0
7364376;2026-09-17;0.219;0.3165;0
7364376;2026-09-18;0.158;0.3165;1
7364376;2026-09-19;0.15;0.3165;1
7364376;2026-09-20;0.784;0.3165;0
7364376;2026-09-21;0.289;0.3335;0
7364376;2026-09-22;0.095;0.3335;1
7364376;2026-09-23;0.341;0.2955;0
7364376;2026-09-24;0.182;0.2955;0
7364376;2026-09-25;0.155;0.265;0
7364376;2026-09-26;0.172;0.26;0
7364376;2026-09-27;0.305;0.225;0
7364376;2026-09-28;0.229;0.225;0
7364376;2026-09-29;0.172;0.224;0
7364376;2026-09-30;0.228;0.2005;0
6700385;2026-05-03;0.293;0.149;0
6700385;2026-05-22;0.182;0.136;0
8625108;2026-05-02;0.941;0.4725;0
8625108;2026-05-03;0.448;0.4805;0
8625108;2026-05-04;0.267;0.467;0
8625108;2026-05-05;0.3;0.4575;0
8625108;2026-05-08;0.122;0.4575;1
8625108;2026-05-09;0.667;0.4115;0
8625108;2026-05-10;0.549;0.4115;0
8625108;2026-05-11;0.968;0.4115;0
8625108;2026-05-12;0.277;0.4115;0
8625108;2026-05-13;0.408;0.4115;0
8625108;2026-05-14;0.317;0.3915;0
8625108;2026-05-15;0.323;0.3915;0
8625108;2026-05-16;0.586;0.3655;0
8625108;2026-05-17;0.538;0.3655;0
8625108;2026-05-18;0.81;0.3655;0
8625108;2026-05-19;0.249;0.473;0
8625108;2026-05-20;0.436;0.473;0
8625108;2026-05-21;0.383;0.436;0
8625108;2026-05-22;0.213;0.422;0
8625108;2026-05-23;0.462;0.422;0
8625108;2026-05-24;0.486;0.422;0
8625108;2026-05-25;0.574;0.422;0
8625108;2026-05-26;0.307;0.422;0
8625108;2026-05-27;0.669;0.422;0
8625108;2026-05-28;0.603;0.449;0
8625108;2026-05-29;0.408;0.474;0
8625108;2026-06-02;0.533;0.449;0
8625108;2026-06-07;0.799;0.5815;0
8625108;2026-09-23;0.389;0.41;0
8625108;2026-09-24;0.648269;0.401;0
8625108;2026-09-26;0.396;0.417865;0
8625108;2026-09-27;0.167;0.404;1
8625108;2026-09-28;0.662;0.3925;0
8625108;2026-09-29;0.088;0.3925;1
1297392;2026-05-02;0.179;0.1175;0
1297392;2026-05-05;0.155;0.12;0
6087601;2026-09-24;0.02616;0.022468;0
6087601;2026-09-25;0.027773;0.025;0
6087601;2026-09-26;0.036563;0.02558;0
6087601;2026-09-27;0.094103;0.02616;0
6087601;2026-09-28;0.09669;0.026649;0
6087601;2026-09-29;0.03931;0.027137;0
4630251;2026-09-18;0.052444;0.048667;0
4630251;2026-09-19;0;0.052444;1
4630251;2026-09-20;0.015;0.052444;1
4630251;2026-09-21;0.126909;0.030476;0
4630251;2026-09-22;0.047091;0.030476;0
4630251;2026-09-29;0.017;0.047091;1
4630251;2026-09-30;0;0.032045;1
2441050;2026-09-29;0.217096;0.095;0
2441050;2026-09-30;0.008185;0.117719;1
6911173;2026-09-21;0.228;0.136;0
6911173;2026-09-24;0.103456;0.136;0
6818785;2026-09-23;0.118346;0.163029;0
6818785;2026-09-25;0.04246;0.163029;1
3763659;2026-09-24;0.065343;0.065475;0
3763659;2026-09-26;0.099143;0.067774;0
3763659;2026-09-30;0.094231;0.072014;0
7611765;2026-09-30;0.054657;0.06501;0
4476018;2026-09-24;0.167877;0.381967;1
1925279;2026-09-30;0;0.05;1
3263226;2026-09-19;0.428;0.193;0
5686561;2026-09-19;0.093221;0.136878;0
5686561;2026-09-20;0.116533;0.136878;0
5686561;2026-09-21;0.141682;0.136878;0
5686561;2026-09-22;0.099031;0.13928;0
5686561;2026-09-23;0.057585;0.136878;1
5686561;2026-09-24;0.106434;0.126705;0
5686561;2026-09-25;0.084804;0.116533;0
5686561;2026-09-26;0.089296;0.114511;0
5686561;2026-09-27;0.078296;0.112488;0
5686561;2026-09-28;0.111496;0.109461;0
5686561;2026-09-29;0.134275;0.108965;0
5686561;2026-09-30;0.037016;0.108965;1
4119930;2026-09-29;0.016;0.023667;0
8505253;2026-09-29;0.375;0.266;0
8505253;2026-09-30;0.33;0.321;0
3692442;2026-09-19;0.005;0.058367;1
4030736;2026-09-21;0.06461;0.039182;0
4390990;2026-09-24;0.056271;0.031236;0
3028754;2026-09-19;0.174967;0.107852;0
3028754;2026-09-20;0.2425;0.15719;0
3028754;2026-09-21;0.078255;0.15719;1
3028754;2026-09-23;0.054616;0.174967;1
3028754;2026-09-24;0.221595;0.166079;0
3028754;2026-09-25;0.188208;0.174967;0
3028754;2026-09-28;0.028;0.181588;1
3028754;2026-09-29;0.129;0.174967;0
6951752;2026-09-26;0.010909;0.115759;1
5368489;2026-09-20;0.112233;0.075429;0
5368489;2026-09-23;0.167;0.073095;0
5343909;2026-09-26;0.061419;0.136791;1
3685091;2026-09-05;0.679;0.10945;0
9381335;2026-09-26;0;0.190425;1
4107970;2026-09-29;0.07575;0.125889;0
2177021;2026-09-06;0.084432;0.074752;0
2177021;2026-09-07;0.056109;0.081767;0
2177021;2026-09-08;0.069758;0.077162;0
2177021;2026-09-09;0.119932;0.070147;0
2177021;2026-09-10;0.046278;0.077162;0
6554606;2026-09-29;0.034073;0.1315;1
2397915;2026-09-08;0.039844;0.123;1
2397915;2026-09-30;0.081559;0.072539;0
8147172;2026-09-04;0.034807;0.041756;0
7707141;2026-09-30;0.127;0.245077;0
9378119;2026-09-28;0.199;0.299677;0
2927877;2026-09-26;0.137662;0.0235;0
6289611;2026-09-04;0.38363;0.298637;0
6289611;2026-09-20;0.318792;0.236375;0
6289611;2026-09-22;0.259983;0.258892;0
6289611;2026-09-23;0.272367;0.259983;0
6289611;2026-09-24;0.453874;0.266175;0
6289611;2026-09-26;0.529859;0.295579;0
6289611;2026-09-27;0.509788;0.34784;0
6289611;2026-09-28;0.468866;0.376889;0
6289611;2026-09-29;0.301161;0.383444;0
6289611;2026-09-30;0.328044;0.34784;0
6289611;2026-10-01;0.053386;0.323418;1
9277360;2026-09-22;7.132;7.275;0
8508960;2026-09-24;0.142583;0.152533;0
5344833;2026-09-30;0.048261;0.126875;1
4816376;2026-09-04;0.020909;0.028;0
4816376;2026-09-05;0.025091;0.027;0
4816376;2026-09-09;0.040263;0.026023;0
4816376;2026-09-12;0;0.026023;1
4816376;2026-09-25;0.023068;0.029543;0
4816376;2026-09-26;0.026281;0.028188;0
4816376;2026-09-27;0.036719;0.028188;0
4816376;2026-09-28;0.016109;0.029543;0
4816376;2026-09-29;0.032958;0.028188;0
4816376;2026-09-30;0.140933;0.029543;0
2094607;2026-02-28;0.028;0.053;0
2094607;2026-03-01;0.057;0.05;0
2094607;2026-03-02;0.097;0.053;0
2094607;2026-03-03;0.093;0.056;0
2094607;2026-03-04;0.085;0.056;0
2094607;2026-03-05;0.074;0.056;0
2094607;2026-03-06;0.093;0.058;0
2094607;2026-03-07;0.063;0.06;0
2094607;2026-03-08;0.124;0.06;0
2094607;2026-03-09;0.077;0.062;0
2094607;2026-03-10;0.078;0.0685;0
2094607;2026-03-11;0.061;0.0755;0
2094607;2026-03-12;0.045;0.0755;0
2094607;2026-03-13;0.09;0.0755;0
2094607;2026-03-14;0.054;0.0775;0
2094607;2026-03-15;0.015;0.0775;1
2094607;2026-03-16;0.066;0.0775;0
2094607;2026-03-17;0.013;0.0755;1
2094607;2026-03-18;1.38;0.07;0
2094607;2026-03-19;0.044;0.07;0
2094607;2026-03-20;0.128;0.0645;0
2094607;2026-03-21;0.122;0.0645;0
2094607;2026-03-22;0.016;0.0715;1
2094607;2026-03-23;0.02;0.0635;1
2094607;2026-03-28;0.048;0.049;0
2094607;2026-03-29;0.103;0.046;0
2094607;2026-03-30;0.085;0.057;0
2094607;2026-03-31;0.105;0.0665;0
2094607;2026-04-01;0.112;0.094;0
2094607;2026-04-02;0.109;0.094;0
2094607;2026-04-03;0.13;0.104;0
2094607;2026-04-04;0.032;0.104;1
2094607;2026-04-07;0.078;0.104;0
2094607;2026-04-08;0.068;0.103;0
2094607;2026-04-09;0.103;0.094;0
2094607;2026-04-10;0.059;0.103;0
2094607;2026-04-13;0.268;0.094;0
2094607;2026-04-14;0.887;0.104;0
2094607;2026-04-15;0.028;0.106;1
2094607;2026-04-16;0.032;0.0905;1
2094607;2026-04-17;0.049;0.073;0
2094607;2026-04-18;0.092;0.0635;0
2094607;2026-04-19;0.064;0.073;0
2094607;2026-04-20;0.099;0.068;0
2094607;2026-04-21;0.105;0.073;0
2094607;2026-04-22;0.059;0.08;0
2094607;2026-04-23;0.134;0.078;0
2094607;2026-04-24;0.056;0.078;0
2094607;2026-04-25;0.156;0.078;0
2094607;2026-04-26;0.088;0.092;0
2094607;2026-04-27;0.058;0.09;0
2094607;2026-04-28;0.043;0.076;0
2094607;2026-04-29;0.121;0.0615;0
2094607;2026-04-30;0.079;0.076;0
2094607;2026-05-08;0.154;0.079;0
2094607;2026-07-07;0.094;0.068;0
2094607;2026-07-08;0.033;0.0755;1
2094607;2026-07-10;0;0.0655;1
2094607;2026-07-14;0.05;0.0505;0
2094607;2026-07-25;0.093;0.05;0
2094607;2026-07-26;0;0.0515;1
2094607;2026-08-20;0.12;0.150032;0
2094607;2026-08-29;0.172;0.140833;0
2094607;2026-08-31;0.098;0.140833;0
2094607;2026-09-28;0.053;0.056;0
2094607;2026-09-29;0.035333;0.0545;0
2094607;2026-09-30;0.009667;0.053;1
7069668;2026-04-12;0.118;0.0805;0
7069668;2026-04-26;0.15;0.073;0
7069668;2026-04-27;0.139;0.073;0
7069668;2026-04-28;0.038;0.073;0
7069668;2026-04-29;0.047;0.073;0
7069668;2026-04-30;0.062;0.073;0
7069668;2026-05-01;0.039;0.073;0
7069668;2026-05-04;0.02;0.047;1
7069668;2026-05-05;0.047;0.047;0
7069668;2026-05-17;0.103;0.0255;0
7069668;2026-05-18;0.163;0.039;0
7069668;2026-05-23;0.111;0.063;0
2331858;2026-03-01;2.092;1.6695;0
2331858;2026-03-17;1.467;1.645;0
2331858;2026-03-18;1.687;1.6085;0
2331858;2026-03-19;1.999;1.645;0
2331858;2026-03-20;1.497;1.666;0
2331858;2026-03-21;1.74;1.645;0
2331858;2026-03-22;2.107;1.666;0
2331858;2026-03-23;2.103;1.687;0
2331858;2026-03-24;1.894;1.7135;0
7429765;2026-03-03;0.107;0.0555;0
7429765;2026-03-04;0.117;0.064;0
7429765;2026-04-05;0.079;0.0595;0
7429765;2026-04-14;0.119;0.115;0
7429765;2026-04-21;0.12;0.087;0
9262156;2026-04-25;0.352;0.4225;0
9262156;2026-04-26;0.287;0.4225;0
9262156;2026-05-01;0.287;0.4225;0
9262156;2026-05-04;0.266;0.407;0
9262156;2026-05-05;0.371;0.387;0
9262156;2026-05-12;0.383;0.371;0
5470328;2026-08-25;0.294;0.283189;0
6797500;2026-03-02;0.267;0.265;0
6829431;2026-03-08;0.146;0.118;0
6829431;2026-03-28;0.198;0.1095;0
6829431;2026-03-29;0.118;0.1095;0
6829431;2026-04-06;0.258;0.119;0
6829431;2026-04-09;0.139;0.1235;0
6829431;2026-04-15;0.188;0.125;0
6829431;2026-04-20;0.192;0.116;0
6829431;2026-04-26;0.151;0.1065;0
6829431;2026-05-05;0.104;0.1645;0
6829431;2026-05-10;0.123;0.157;0
6829431;2026-05-23;0.121;0.114;0
3568088;2026-02-28;1.452;1.6105;0
3568088;2026-03-01;2.577;1.6035;0
3568088;2026-03-11;1.558;1.794;0
3568088;2026-03-12;1.724;1.794;0
1581018;2026-02-28;0;0.022;1
1581018;2026-03-03;0.047;0.021;0
1581018;2026-03-11;0.068;0.026;0
1581018;2026-03-12;0.021;0.038;0
1581018;2026-03-13;0.026;0.026;0
1581018;2026-03-14;0.032;0.0235;0
1581018;2026-03-15;0.014;0.0285;1
1581018;2026-03-16;0.038;0.0285;0
1581018;2026-03-17;0.054;0.0315;0
1581018;2026-03-18;0.029;0.0315;0
1581018;2026-03-19;0.661;0.0305;0
1581018;2026-03-20;0.03;0.032;0
1581018;2026-03-21;0.325;0.031;0
1581018;2026-03-22;0;0.032;1
1581018;2026-03-23;0.679;0.031;0
1581018;2026-03-24;1.621;0.032;0
1581018;2026-03-25;0.112;0.035;0
1581018;2026-03-26;0.838;0.035;0
1581018;2026-03-27;1.197;0.046;0
1581018;2026-03-28;0.389;0.083;0
1581018;2026-03-30;0.982;0.2185;0
1581018;2026-03-31;1.088;0.357;0
1581018;2026-04-01;1.319;0.525;0
1581018;2026-04-02;1.774;0.67;0
1581018;2026-04-03;0.637;0.7585;0
1581018;2026-04-06;1.831;0.91;0
1581018;2026-04-07;4.859;1.035;0
1581018;2026-04-08;2.251;1.035;0
1581018;2026-04-20;2.672;2.031;0
1581018;2026-04-21;5.448;2.251;0
1581018;2026-04-23;6.056;2.672;0
1581018;2026-04-24;4.513;4.921;0
1581018;2026-04-26;0.877;4.513;1
1581018;2026-04-27;1.641;4.306;1
1581018;2026-04-28;5.783;4.099;0
1581018;2026-04-29;4.391;4.306;0
1581018;2026-04-30;2.76;4.391;0
1581018;2026-05-02;3.67;4.424;0
1581018;2026-05-03;1.231;4.245;1
1581018;2026-05-04;1.614;4.245;1
1581018;2026-05-05;2.859;4.245;0
1581018;2026-05-08;3.601;3.8845;0
1581018;2026-05-09;3.767;3.6355;0
1581018;2026-05-10;3.91;3.6355;0
1581018;2026-05-15;3.814;3.7185;0
1581018;2026-05-16;5.51;3.7185;0
1581018;2026-05-17;3.644;3.7905;0
1581018;2026-05-18;5.271;3.7905;0
1581018;2026-05-19;4.103;3.862;0
1581018;2026-05-21;2.442;3.862;0
1581018;2026-05-22;3.515;3.7905;0
1581018;2026-05-23;2.645;3.7905;0
1581018;2026-05-26;3.669;3.515;0
1581018;2026-07-05;1.357294;2.204425;0
1581018;2026-08-19;0.410916;2.194029;1
1581018;2026-09-20;0;1.96897;1
1581018;2026-09-22;4.298977;1.874105;0
1581018;2026-09-23;2.924525;1.874105;0
1581018;2026-09-24;0.039311;1.874105;1
1581018;2026-09-25;6.445618;1.874105;0
1581018;2026-09-26;2.739382;2.193773;0
1581018;2026-09-27;0;2.317761;1
1581018;2026-09-28;1.718;2.317761;0
2675304;2026-03-08;0.044;0.257;1
2675304;2026-05-08;0.764;0.282;0
2675304;2026-05-17;0.644;0.2235;0
2675304;2026-05-18;0.211;0.2235;0
2675304;2026-05-21;0.425;0.2055;0
2675304;2026-05-22;0.316;0.233;0
2675304;2026-05-25;0.3;0.273;0
2675304;2026-07-05;0.337464;0.32;0
2675304;2026-07-07;0.224919;0.315153;0
2675304;2026-07-21;0.11125;0.298188;1
2675304;2026-08-20;0.21;0.329607;0
2675304;2026-08-23;0.447287;0.329607;0
2675304;2026-08-25;0.353678;0.329607;0
2675304;2026-08-29;0.40485;0.329607;0
2675304;2026-08-31;0.18802;0.36079;0
2675304;2026-09-02;0.371276;0.309297;0
2675304;2026-09-03;0.245201;0.36079;0
2675304;2026-09-04;0.22578;0.36079;0
2675304;2026-09-05;0.258987;0.36079;0
2675304;2026-09-06;0.23287;0.306333;0
2675304;2026-09-07;0.130077;0.255388;0
2675304;2026-09-08;0.17881;0.248495;0
2675304;2026-09-09;0.214924;0.244125;0
2675304;2026-09-10;0.303751;0.23796;0
2675304;2026-09-11;0.403398;0.244125;0
2675304;2026-09-12;0.348618;0.248495;0
2675304;2026-09-13;0.0915;0.248495;1
2675304;2026-09-25;0.312223;0.287167;0
2675304;2026-09-27;0.337456;0.287167;0
2675304;2026-09-30;0.169895;0.287167;0
5079433;2026-03-02;0.707;0.6855;0
8182326;2026-03-03;0.387;0.235;0
8182326;2026-03-06;0.311;0.237;0
8182326;2026-03-11;0.301;0.2345;0
8182326;2026-03-12;0.436;0.2345;0
8182326;2026-03-13;0.449;0.2355;0
8182326;2026-03-16;0.702;0.2675;0
8182326;2026-03-17;0.449;0.2675;0
8182326;2026-03-18;0.291;0.2675;0
8182326;2026-03-25;0.445;0.312;0
8182326;2026-03-26;0.547;0.3795;0
8182326;2026-03-27;0.319;0.384;0
8182326;2026-03-29;0.141;0.321;1
8182326;2026-03-31;0.369;0.305;0
8182326;2026-04-03;0.413;0.292;0
8182326;2026-04-09;0.325;0.28;0
8182326;2026-04-10;0.224;0.28;0
8182326;2026-04-12;0.205;0.246;0
8182326;2026-04-14;0.318;0.246;0
8182326;2026-04-22;0.433;0.2145;0
8182326;2026-04-25;0.226;0.235;0
8182326;2026-04-29;0.369;0.2405;0
8182326;2026-05-03;0.044;0.222;1
8182326;2026-05-06;0.503;0.263;0
8182326;2026-05-12;0.327;0.26;0
8182326;2026-05-13;0.382;0.288;0
7199412;2026-05-03;2.014;1.526;0
7199412;2026-05-05;1.765;1.537;0
5077445;2026-02-28;1.15;0.852;0
5077445;2026-03-03;0.821;0.834;0
5077445;2026-03-04;0.795;0.8275;0
5077445;2026-03-05;0.909;0.8105;0
5077445;2026-03-06;0.913;0.8105;0
5077445;2026-03-07;0.86;0.8575;0
5077445;2026-03-11;0.952;0.821;0
5077445;2026-03-17;0.928;0.8405;0
5077445;2026-03-18;1.031;0.8845;0
5077445;2026-04-02;1.111;0.815;0
5077445;2026-04-03;1.052;0.873;0
5077445;2026-04-08;0.893;0.9365;0
5077445;2026-04-09;1.014;0.912;0
5077445;2026-04-10;0.983;0.9175;0
5077445;2026-04-16;0.984;0.9625;0
5077445;2026-04-21;1.022;0.9625;0
5077445;2026-04-22;0.908;0.9835;0
5077445;2026-04-23;0.939;0.9835;0
5077445;2026-07-10;0;0.098;1
5077445;2026-07-11;0.967;0.049;0
5077445;2026-07-15;0.742154;0.42;0
5077445;2026-07-17;1.218615;0.420077;0
5077445;2026-07-23;0.105379;0.742154;1
5077445;2026-07-29;0.921599;0.584813;0
5077445;2026-07-31;0.857681;0.65389;0
5077445;2026-08-27;1.023;0.943846;0
5077445;2026-09-08;1.169404;0.886917;0
5077445;2026-09-10;1.094737;0.915053;0
5077445;2026-09-11;1.186872;0.915053;0
5077445;2026-09-17;0.790613;0.915053;0
5077445;2026-09-18;0.931056;0.870443;0
5077445;2026-09-19;0.402857;0.870443;1
5077445;2026-09-24;0.8385;0.829868;0
7470740;2026-04-28;0.307;0.4005;0
7470740;2026-05-04;0.455;0.4185;0
7470740;2026-05-10;0.288;0.437;0
7470740;2026-09-28;0.394073;0.166262;0
4725354;2026-09-09;0.207;0.332769;0
1056800;2026-09-10;0.020885;0.132274;1
2592900;2026-05-14;0.207;0.0485;0
3923702;2026-03-05;0.214;0.137;0
3923702;2026-04-30;0.07;0.125;0
3923702;2026-05-13;0.046;0.07;0
3923702;2026-05-25;0.189;0.1255;0
7557363;2026-05-16;0;0.1925;1
7557363;2026-07-08;0.066915;0.248736;1
7557363;2026-07-10;3.762056;0.251472;0
7557363;2026-08-05;0.064428;0.285426;1
7557363;2026-08-06;0.151522;0.213306;0
7557363;2026-08-14;0.405867;0.141383;0
7557363;2026-08-15;0.465758;0.151522;0
7557363;2026-08-25;0.620519;0.349378;0
7557363;2026-08-26;0;0.377622;1
8685569;2026-03-19;1.684;1.37;0
2309190;2026-04-12;0.25;0.151;0
2309190;2026-05-24;0.323;0.2365;0
2309190;2026-08-28;0.033929;0.247034;1
2309190;2026-09-16;0.238848;0.23597;0
5490175;2026-04-28;0;0.0925;1
5490175;2026-04-29;0;0.085;1
5490175;2026-05-01;0;0.073;1