anon_id;bs;tip;model;negative_flag;negative_days;absolute_spike_flag;absolute_spike_days;relative_spike_flag;relative_spike_days;unrealistic_flag;unrealistic_days;leak_flag;leak_max_days;zero_flag;zero_max_days;step_flag;step_ratio;local_magnet_flag;chronic_high_flag
1001589;BS-07;AQUA2;АКВА L110 D15 B E;0;0;0;0;0;0;0;0;0;0;0;0;0;;0;0
1009827;BS-03;AQUA2;АКВА L110 D15 B E;0;0;0;0;1;1;0;0;0;0;0;0;0;;0;0
1010676;BS-01;aqua2_nvt_wa_stm;АКВА L110 D15 B E;0;0;0;0;0;0;0;0;0;0;0;0;0;;0;0
1013205;BS-03;aqua2_nvt_wa_stm;АКВА L110 D15 B E;0;0;0;0;0;0;0;0;0;0;0;0;0;;0;0
1017147;BS-07;aqua2_nvt_wa_stm;АКВА L110 D15 B E;0;0;0;0;0;0;0;0;0;0;0;0;0;;0;0
1017574;BS-06;aqua2_stm;АКВА L110 D15 C E;0;0;0;0;0;0;0;0;0;0;0;0;0;;0;0
1018690;BS-03;aqua2_stm;АКВА L110 D15 B E;0;0;0;0;0;0;0;0;0;0;0;0;0;;0;0
1023776;BS-03;AQUA2;АКВА L110 D15 B E;1;2;1;7;1;7;1;7;0;0;0;0;0;;0;0
1026548;BS-02;aqua2_nvt_wa_stm;АКВА L110 D15 C E;0;0;0;0;0;0;0;0;0;0;0;0;0;;0;0
1029380;BS-08;aqua2_nvt_wa_stm;АКВА L110 D15 C E;0;0;0;0;0;0;0;0;0;0;0;0;0;;0;0
1031366;BS-07;AQUA2;АКВА L110 D15 B E;0;0;0;0;0;0;0;0;0;0;0;0;0;;0;0
1033804;BS-10;aqua2_stm;АКВА L110 D15 C E;0;0;0;0;0;0;0;0;0;0;1;60;0;;0;0
1036686;BS-03;aqua2_stm;АКВА L110 D15 B E;0;0;0;0;0;0;0;0;1;117;1;57;0;;0;0
1038452;BS-07;AQUA2;АКВА L110 D15 B E;0;0;0;0;0;0;0;0;0;0;0;0;0;;0;0
1042704;BS-02;aqua2_nvt_wa_stm;АКВА L110 D15 C E;0;0;0;0;0;0;0;0;0;0;0;0;0;;0;0
1042752;BS-01;aqua2_nvt_wa_stm;АКВА L110 D15 B E;0;0;0;0;0;0;0;0;0;0;0;0;0;;0;0
1045488;BS-08;aqua2_nvt_wa_stm;АКВА L110 D15 C E;0;0;0;0;1;9;0;0;0;0;0;0;0;;0;0
1045708;BS-02;aqua2_nvt_wa_stm;АКВА L110 D15 B E;0;0;0;0;0;0;0;0;0;0;0;0;0;;0;0
1051888;BS-09;aqua2_stm;АКВА L110 D15 C E;0;0;0;0;0;0;0;0;0;0;0;0;1;15.284459;0;0
1052703;BS-10;aqua2_stm;АКВА L110 D15 C E;0;0;1;3;1;4;0;0;0;0;0;0;0;;0;0
1056633;BS-04;aqua2_nvt_wa_stm;АКВА L110 D15 C E;0;0;0;0;0;0;0;0;0;0;1;59;0;;0;0
1056800;BS-10;aqua2_nvt_wa_stm;АКВА L110 D15 C E;0;0;0;0;0;0;0;0;0;0;0;0;0;;0;0
1057698;BS-08;aqua2_nvt_wa_stm;АКВА L110 D15 C E;0;0;0;0;0;0;0;0;0;0;0;0;0;;0;0
1063500;BS-03;aqua2_nvt_wa_stm;АКВА L110 D15 C E;1;1;0;0;0;0;0;0;0;0;1;184;0;;0;0
1065404;BS-09;aqua2_stm;АКВА L110 D15 C E;0;0;0;0;0;0;0;0;0;0;0;0;1;8.530571;0;0
1068203;BS-06;AQUA2;АКВА L110 D15 B E;0;0;0;0;0;0;0;0;0;0;0;0;0;;0;0
1070281;BS-07;AQUA2;АКВА L110 D15 B E;0;0;0;0;0;0;0;0;0;0;0;0;0;;0;0
1071511;BS-01;aqua2_nvt_wa_stm;АКВА L110 D15 C E;0;0;0;0;0;0;0;0;0;0;0;0;0;;0;0
1071951;BS-08;aqua2_stm;АКВА L110 D15 B E;0;0;0;0;0;0;0;0;0;0;0;0;0;;0;0
1074137;BS-04;aqua2_nvt_wa_stm;АКВА L110 D15 C E;0;0;0;0;0;0;0;0;0;0;1;128;0;;0;0
1083353;BS-04;aqua2_nvt_wa_stm;АКВА L110 D15 B E;0;0;0;0;0;0;0;0;0;0;0;0;0;;0;0
1083915;BS-03;aqua2_nvt_wa_stm;АКВА L110 D15 C E;0;0;0;0;1;1;0;0;0;0;0;0;0;;0;0
1085569;BS-07;aqua2_nvt_wa_stm;АКВА L110 D15 B E;0;0;0;0;0;0;0;0;0;0;0;0;0;;0;0
1089425;BS-05;aqua2_stm;АКВА L110 D15 B E;0;0;0;0;0;0;0;0;1;202;0;0;0;;0;0
1091590;BS-03;aqua2_nvt_wa_stm;АКВА L110 D15 C E;0;0;0;0;0;0;0;0;0;0;1;35;0;;0;0
1097090;BS-02;aqua2_nvt_wa_stm;АКВА L110 D15 B E;0;0;0;0;0;0;0;0;0;0;0;0;0;;0;0
1097632;BS-01;aqua2_stm;АКВА L110 D15 B E;0;0;0;0;0;0;0;0;0;0;0;0;0;;0;0
1105787;BS-06;aqua2_nvt_wa_stm;АКВА L110 D15 C E;0;0;0;0;0;0;0;0;0;0;0;0;0;;0;0
1108353;BS-01;aqua2_stm;АКВА L110 D15 C E;0;0;0;0;0;0;0;0;0;0;0;0;0;;0;0
1115097;BS-08;aqua2_nvt_wa_stm;АКВА L110 D15 C E;0;0;0;0;0;0;0;0;0;0;0;0;0;;0;0
1118909;BS-08;aqua2_nvt_wa_stm;АКВА L110 D15 C E;0;0;0;0;1;10;0;0;0;0;0;0;0;;0;0
1120133;BS-09;aqua2_stm;АКВА L110 D15 C E;1;2;0;0;0;0;0;0;0;0;0;0;0;;0;0
1124179;BS-10;aqua2_nvt_wa_stm;АКВА L110 D15 C E;0;0;0;0;0;0;0;0;0;0;1;171;0;;0;0
1126259;BS-02;aqua2_nvt_wa_stm;АКВА L110 D15 C E;0;0;0;0;0;0;0;0;0;0;0;0;0;;0;0
1130809;BS-05;aqua2_stm;АКВА L110 D15 C E;0;0;0;0;0;0;0;0;1;131;0;0;0;;0;0
1132016;BS-06;aqua2_stm;АКВА L110 D15 B E;0;0;0;0;1;1;0;0;0;0;0;0;0;;0;0
1133197;BS-10;AQUA2;АКВА L110 D15 C E;0;0;0;0;0;0;0;0;0;0;1;72;0;;0;0
1133816;BS-06;aqua2_nvt_wa_stm;АКВА L110 D15 C E;0;0;0;0;0;0;0;0;0;0;1;41;0;;0;0
1138613;BS-07;AQUA2;АКВА L110 D15 B E;0;0;0;0;0;0;0;0;0;0;0;0;0;;0;0
1138644;BS-10;aqua2_stm;АКВА L110 D15 C E;0;0;1;118;0;0;0;0;0;0;0;0;0;;0;0
1141551;BS-01;aqua2_nvt_wa_stm;АКВА L110 D15 C E;0;0;0;0;0;0;0;0;0;0;0;0;0;;0;0
1143066;BS-02;aqua2_nvt_wa_stm;АКВА L110 D15 C E;0;0;0;0;0;0;0;0;0;0;0;0;0;;0;0
1146062;BS-02;aqua2_nvt_wa_stm;АКВА L110 D15 B E;0;0;0;0;0;0;0;0;0;0;0;0;0;;0;0
1152019;BS-03;aqua2_stm;АКВА L110 D15 C E;0;0;0;0;0;0;0;0;0;0;0;0;0;;0;0
1155063;BS-02;aqua2_nvt_wa_stm;АКВА L110 D15 C E;0;0;0;0;0;0;0;0;0;0;0;0;0;;0;0
1156864;BS-01;aqua2_stm;АКВА L110 D15 C E;0;0;0;0;1;1;0;0;0;0;0;0;0;;0;0
1159791;BS-04;aqua2_nvt_wa_stm;АКВА L110 D15 C E;0;0;0;0;0;0;0;0;0;0;1;59;0;;0;0
1160272;BS-07;aqua2_stm;АКВА L110 D15 B E;0;0;0;0;0;0;0;0;0;0;0;0;0;;0;0
1160330;BS-08;aqua2_nvt_wa_stm;АКВА L110 D15 C E;0;0;0;0;0;0;0;0;0;0;0;0;0;;0;0
1162061;BS-09;aqua2_stm;АКВА L110 D15 C E;0;0;1;13;0;0;0;0;1;141;0;0;0;;0;0
1162696;BS-03;aqua2_stm;АКВА L110 D15 B E;0;0;0;0;0;0;0;0;0;0;0;0;0;;0;0
1164495;BS-07;AQUA2;АКВА L110 D15 B E;0;0;0;0;0;0;0;0;0;0;0;0;0;;0;0
1167400;BS-04;aqua2_nvt_wa_stm;АКВА L110 D15 B E;0;0;0;0;0;0;0;0;0;0;1;143;0;;0;0
1167943;BS-03;AQUA2;АКВА L110 D15 B E;0;0;0;0;0;0;0;0;1;108;0;0;0;;0;0
1169137;BS-04;aqua2_nvt_wa_stm;АКВА L110 D15 B E;0;0;0;0;0;0;0;0;0;0;0;0;0;;0;0
1171145;BS-10;aqua2_stm;АКВА L110 D15 C E;0;0;1;81;0;0;0;0;0;0;0;0;0;;0;0
1182346;BS-09;aqua2_stm;АКВА L110 D15 C E;0;0;0;0;0;0;0;0;0;0;0;0;0;;0;0
1184456;BS-01;aqua2_nvt_wa_stm;АКВА L110 D15 C E;0;0;0;0;0;0;0;0;0;0;0;0;0;;0;0
1184793;BS-05;AQUA2;АКВА L110 D15 C E;0;0;1;2;1;2;1;2;0;0;0;0;0;;0;0
1191262;BS-04;aqua2_nvt_wa_stm;АКВА L110 D15 B E;0;0;0;0;0;0;0;0;0;0;0;0;0;;0;0
1191362;BS-02;aqua2_nvt_wa_stm;АКВА L110 D15 C E;0;0;0;0;0;0;0;0;0;0;0;0;0;;0;0
1192597;BS-08;aqua2_nvt_wa_stm;АКВА L110 D15 C E;0;0;0;0;0;0;0;0;0;0;0;0;0;;0;0
1200600;BS-10;aqua2_nvt_wa_stm;АКВА L110 D15 C E;0;0;0;0;0;0;0;0;0;0;0;0;0;;0;0
1200874;BS-01;aqua2_stm;АКВА L110 D15 B E;0;0;0;0;0;0;0;0;0;0;0;0;0;;0;0
1201162;BS-08;aqua2_nvt_wa_stm;АКВА L110 D15 B E;0;0;0;0;0;0;0;0;0;0;0;0;0;;0;0
1201898;BS-09;aqua2_stm;АКВА L110 D15 C E;0;0;0;0;0;0;0;0;0;0;1;274;0;;0;0
1203613;BS-05;AQUA2;АКВА L110 D15 B E;0;0;0;0;0;0;0;0;0;0;0;0;0;;0;0
1208037;BS-03;AQUA2;АКВА L110 D15 B E;0;0;0;0;0;0;0;0;0;0;0;0;0;;0;0
1209022;BS-05;aqua2_nvt_wa_stm;АКВА L110 D15 C E;0;0;0;0;0;0;0;0;0;0;0;0;0;;0;0
1209988;BS-02;aqua2_nvt_wa_stm;АКВА L110 D15 C E;0;0;0;0;0;0;0;0;0;0;0;0;0;;0;0
1213227;BS-03;aqua2_stm;АКВА L110 D15 B E;0;0;0;0;0;0;0;0;0;0;0;0;0;;0;0
1214962;BS-06;aqua2_stm;АКВА L110 D15 B E;0;0;0;0;0;0;0;0;0;0;0;0;0;;0;0
1215340;BS-04;aqua2_nvt_wa_stm;АКВА L110 D15 C E;0;0;0;0;0;0;0;0;0;0;1;44;0;;0;0
1216862;BS-02;aqua2_nvt_wa_stm;АКВА L110 D15 C E;0;0;0;0;0;0;0;0;0;0;0;0;0;;0;0
1222593;BS-02;aqua2_stm;АКВА L110 D15 C E;0;0;0;0;0;0;0;0;0;0;0;0;0;;0;0
1223313;BS-05;aqua2_nvt_wa_stm;АКВА L110 D15 C E;0;0;0;0;0;0;0;0;0;0;1;31;0;;0;0
1224210;BS-06;aqua2_stm;АКВА L110 D15 C E;0;0;0;0;0;0;0;0;0;0;0;0;0;;0;0
1226579;BS-04;aqua2_nvt_wa_stm;АКВА L110 D15 B E;0;0;0;0;0;0;0;0;0;0;1;147;0;;0;0
1231967;BS-02;aqua2_nvt_wa_stm;АКВА L110 D15 C E;0;0;0;0;0;0;0;0;0;0;0;0;0;;0;0
1235209;BS-09;aqua2_stm;АКВА L110 D15 C E;0;0;0;0;0;0;0;0;0;0;0;0;0;;0;0
1236161;BS-07;AQUA2;АКВА L110 D15 B E;0;0;0;0;0;0;0;0;0;0;0;0;0;;0;0
1237892;BS-02;aqua2_nvt_wa_stm;АКВА L110 D15 B E;0;0;0;0;0;0;0;0;0;0;0;0;0;;0;0
1246459;BS-07;AQUA2;АКВА L110 D15 B E;0;0;0;0;0;0;0;0;0;0;0;0;0;;0;0
1246655;BS-03;aqua2_nvt_wa_stm;АКВА L110 D15 C E;0;0;0;0;0;0;0;0;0;0;1;72;0;;0;0
1249509;BS-09;aqua2_stm;АКВА L110 D15 C E;0;0;0;0;0;0;0;0;1;238;1;48;1;5.465517;0;0
1249540;BS-03;aqua2_nvt_wa_stm;АКВА L110 D15 C E;0;0;1;1;1;1;0;0;0;0;0;0;0;;0;0
1254984;BS-10;aqua2_nvt_wa_stm;АКВА L110 D15 C E;0;0;0;0;0;0;0;0;0;0;0;0;0;;0;0
1256752;BS-09;aqua2_stm;АКВА L110 D15 C E;0;0;0;0;0;0;0;0;0;0;0;0;1;6.484375;0;0
1260857;BS-07;AQUA2;АКВА L110 D15 B E;0;0;0;0;0;0;0;0;0;0;0;0;0;;0;0
1261649;BS-07;AQUA2;АКВА L110 D15 B E;0;0;0;0;0;0;0;0;0;0;0;0;0;;0;0
1263288;BS-03;aqua2_stm;АКВА L110 D15 B E;0;0;0;0;0;0;0;0;0;0;1;256;0;;0;0
1268324;BS-03;aqua2_nvt_wa_stm;АКВА L110 D15 C E;0;0;0;0;0;0;0;0;0;0;0;0;0;;0;0
1268872;BS-01;aqua2_stm;АКВА L110 D15 C E;0;0;0;0;0;0;0;0;0;0;0;0;0;;0;0
1272777;BS-03;aqua2_nvt_wa_stm;АКВА L110 D15 C E;0;0;0;0;0;0;0;0;0;0;0;0;0;;0;0
1274228;BS-05;aqua2_nvt_wa_stm;АКВА L110 D15 C E;0;0;0;0;0;0;0;0;0;0;0;0;0;;0;0
1278937;BS-09;aqua2_stm;АКВА L110 D15 C E;0;0;1;12;1;47;0;0;0;0;0;0;1;19;0;0
1279011;BS-03;aqua2_nvt_wa_stm;АКВА L110 D15 C E;0;0;0;0;0;0;0;0;0;0;1;56;0;;0;0
1279709;BS-08;aqua2_nvt_wa_stm;АКВА L110 D15 C E;0;0;0;0;0;0;0;0;0;0;0;0;0;;0;0
1281036;BS-04;aqua2_nvt_wa_stm;АКВА L110 D15 B E;0;0;0;0;0;0;0;0;0;0;1;33;0;;0;0
1282534;BS-03;aqua2_stm;АКВА L110 D15 B E;0;0;0;0;1;1;0;0;1;332;0;0;0;;0;0
1284794;BS-06;aqua2_stm;АКВА L110 D15 B E;0;0;0;0;0;0;0;0;0;0;0;0;0;;0;0
1288701;BS-08;AQUA2;АКВА L110 D15 B E;0;0;0;0;0;0;0;0;0;0;1;126;0;;0;0
1289050;BS-06;aqua2_nvt_wa_stm;АКВА L110 D15 B E;0;0;0;0;0;0;0;0;0;0;1;57;0;;0;0
1290042;BS-02;aqua2_nvt_wa_stm;АКВА L110 D15 C E;0;0;0;0;0;0;0;0;0;0;1;116;0;;0;0
1292471;BS-09;aqua2_stm;АКВА L110 D15 C E;0;0;0;0;0;0;0;0;0;0;1;119;0;;0;0
1297392;BS-08;aqua2_nvt_wa_stm;АКВА L110 D15 C E;0;0;0;0;0;0;0;0;0;0;0;0;0;;0;0
1297937;BS-10;aqua2_nvt_wa_stm;АКВА L110 D15 C E;0;0;0;0;1;2;0;0;0;0;0;0;0;;0;0
1297946;BS-08;aqua2_nvt_wa_stm;АКВА L110 D15 C E;0;0;0;0;0;0;0;0;0;0;1;103;0;;0;0
1299557;BS-07;aqua2_stm;АКВА L110 D15 B E;0;0;0;0;0;0;0;0;0;0;0;0;0;;0;0
1300658;BS-07;AQUA2;АКВА L110 D15 B E;0;0;0;0;0;0;0;0;0;0;0;0;0;;0;0
1303647;BS-06;aqua2_stm;АКВА L110 D15 B E;0;0;0;0;0;0;0;0;0;0;0;0;0;;0;0
1310438;BS-04;aqua2_nvt_wa_stm;АКВА L110 D15 B E;0;0;0;0;0;0;0;0;0;0;0;0;0;;0;0
1310863;BS-03;aqua2_stm;АКВА L110 D15 C E;0;0;0;0;0;0;0;0;0;0;1;147;0;;0;0
1313506;BS-06;aqua2_stm;АКВА L110 D15 B E;0;0;0;0;0;0;0;0;0;0;1;96;0;;0;0
1314069;BS-03;AQUA2;АКВА L110 D15 B E;0;0;0;0;0;0;0;0;0;0;1;32;0;;0;0
1318859;BS-03;AQUA2;АКВА L110 D15 B E;0;0;0;0;0;0;0;0;0;0;0;0;0;;0;0
1319016;BS-09;aqua2_stm;АКВА L110 D15 C E;0;0;0;0;0;0;0;0;0;0;1;105;0;;0;0
1320679;BS-03;AQUA2;АКВА L130 D20 B E;0;0;1;4;1;15;0;0;0;0;0;0;0;;0;0
1321192;BS-07;aqua2_stm;АКВА L110 D15 B E;0;0;0;0;0;0;0;0;0;0;0;0;0;;0;0
1322829;BS-03;aqua2_nvt_wa_stm;АКВА L110 D15 C E;0;0;0;0;0;0;0;0;0;0;1;73;0;;0;0
1325265;BS-03;aqua2_stm;АКВА L110 D15 C E;0;0;0;0;0;0;0;0;0;0;0;0;0;;0;0
1325464;BS-05;aqua2_nvt_wa_stm;АКВА L110 D15 C E;0;0;0;0;0;0;0;0;0;0;0;0;0;;0;0
1326812;BS-03;aqua2_stm;АКВА L110 D15 C E;0;0;0;0;0;0;0;0;0;0;0;0;0;;0;0
1328297;BS-05;aqua2_nvt_wa_stm;АКВА L110 D15 B E;0;0;0;0;0;0;0;0;0;0;1;89;0;;0;0
1331339;BS-05;aqua2_nvt_wa_stm;АКВА L110 D15 C E;0;0;0;0;0;0;0;0;0;0;0;0;0;;0;0
1335125;BS-10;aqua2_nvt_wa_stm;АКВА L110 D15 C E;0;0;0;0;0;0;0;0;0;0;1;40;0;;0;0
1337262;BS-07;aqua2_nvt_wa_stm;АКВА L110 D15 B E;0;0;0;0;0;0;0;0;0;0;0;0;0;;0;0
1338154;BS-01;aqua2_stm;АКВА L110 D15 C E;0;0;0;0;1;3;0;0;0;0;0;0;0;;0;0
1338225;BS-06;aqua2_stm;АКВА L110 D15 B E;0;0;0;0;0;0;0;0;0;0;0;0;0;;0;0
1339565;BS-08;aqua2_nvt_wa_stm;АКВА L110 D15 C E;0;0;0;0;0;0;0;0;0;0;1;68;0;;0;0
1341246;BS-10;aqua2_stm;АКВА L110 D15 C E;0;0;1;6;0;0;0;0;0;0;0;0;0;;0;0
1348727;BS-02;aqua2_nvt_wa_stm;АКВА L110 D15 B E;0;0;0;0;0;0;0;0;0;0;0;0;0;;0;0
1348811;BS-03;aqua2_nvt_wa_stm;АКВА L110 D15 C E;0;0;0;0;0;0;0;0;0;0;1;248;0;;0;0
1354811;BS-10;aqua2_nvt_wa_stm;АКВА L110 D15 C E;0;0;0;0;0;0;0;0;0;0;1;55;0;;0;0
1357380;BS-03;aqua2_nvt_wa_stm;АКВА L110 D15 C E;0;0;0;0;0;0;0;0;0;0;0;0;0;;0;0
1359753;BS-09;aqua2_stm;АКВА L110 D15 C E;0;0;1;3;1;5;0;0;0;0;0;0;0;;0;0
1360538;BS-04;aqua2_nvt_wa_stm;АКВА L110 D15 B E;0;0;0;0;0;0;0;0;0;0;0;0;0;;0;0
1364262;BS-08;aqua2_nvt_wa_stm;АКВА L110 D15 C E;0;0;0;0;0;0;0;0;0;0;1;96;0;;0;0
1369227;BS-06;aqua2_nvt_wa_stm;АКВА L110 D15 C E;0;0;0;0;0;0;0;0;0;0;0;0;0;;0;0
1372570;BS-01;aqua2_stm;АКВА L110 D15 C E;0;0;0;0;0;0;0;0;0;0;0;0;0;;0;0
1374906;BS-06;aqua2_stm;АКВА L110 D15 C E;0;0;0;0;0;0;0;0;0;0;0;0;0;;0;0
1376482;BS-05;aqua2_nvt_wa_stm;АКВА L110 D15 C E;0;0;0;0;0;0;0;0;0;0;0;0;0;;0;0
1376731;BS-04;aqua2_nvt_wa_stm;АКВА L110 D15 C E;0;0;0;0;0;0;0;0;0;0;0;0;0;;0;0
1376811;BS-03;aqua2_stm;АКВА L110 D15 C E;0;0;1;1;1;1;0;0;0;0;0;0;0;;0;0
1380617;BS-09;aqua2_stm;АКВА L110 D15 C E;0;0;0;0;0;0;0;0;1;129;0;0;0;;0;0
1380978;BS-09;aqua2_stm;АКВА L110 D15 C E;0;0;1;10;1;12;0;0;1;166;0;0;0;;0;0
1390034;BS-05;aqua2_nvt_wa_stm;АКВА L110 D15 C E;0;0;0;0;0;0;0;0;0;0;1;48;0;;0;0
1391598;BS-06;aqua2_stm;АКВА L110 D15 B E;0;0;0;0;0;0;0;0;0;0;0;0;0;;0;0
1391809;BS-03;aqua2_nvt_wa_stm;АКВА L110 D15 C E;0;0;1;1;1;1;0;0;0;0;0;0;0;;0;0
1392594;BS-07;AQUA2;АКВА L110 D15 B E;0;0;0;0;0;0;0;0;0;0;0;0;0;;0;0
1396859;BS-07;AQUA2;АКВА L110 D15 B E;0;0;0;0;0;0;0;0;0;0;1;65;0;;0;0
1401643;BS-10;aqua2_stm;АКВА L110 D15 C E;0;0;1;165;0;0;0;0;0;0;0;0;0;;0;1
1407662;BS-04;aqua2_nvt_wa_stm;АКВА L110 D15 C E;0;0;0;0;0;0;0;0;0;0;1;39;0;;0;0
1415475;BS-09;aqua2_stm;АКВА L110 D15 C E;0;0;0;0;0;0;0;0;1;172;0;0;0;;0;0
1415713;BS-07;aqua2_nvt_wa_stm;АКВА L110 D15 B E;0;0;0;0;0;0;0;0;0;0;0;0;0;;0;0
1420105;BS-07;AQUA2;АКВА L110 D15 B E;0;0;0;0;0;0;0;0;1;181;0;0;0;;0;0
1420914;BS-02;aqua2_nvt_wa_stm;АКВА L110 D15 B E;0;0;0;0;0;0;0;0;0;0;0;0;0;;0;0
1422496;BS-05;aqua2_nvt_wa_stm;АКВА L110 D15 B E;0;0;0;0;0;0;0;0;0;0;1;79;0;;0;0
1423304;BS-07;AQUA2;;1;5;1;21;1;21;1;21;0;0;0;0;0;;0;0
1425234;BS-02;aqua2_nvt_wa_stm;АКВА L110 D15 B E;0;0;0;0;0;0;0;0;0;0;0;0;0;;0;0
1425344;BS-04;aqua2_nvt_wa_stm;АКВА L110 D15 C E;0;0;0;0;0;0;0;0;0;0;0;0;0;;0;0
1428608;BS-04;aqua2_nvt_wa_stm;АКВА L110 D15 B E;0;0;0;0;0;0;0;0;0;0;1;89;0;;0;0
1432068;BS-05;aqua2_nvt_wa_stm;АКВА L110 D15 C E;0;0;0;0;0;0;0;0;0;0;0;0;0;;0;0
1433929;BS-07;AQUA2;АКВА L110 D15 B E;0;0;0;0;0;0;0;0;0;0;0;0;0;;0;0
1439092;BS-05;aqua2_nvt_wa_stm;АКВА L110 D15 C E;0;0;0;0;0;0;0;0;0;0;0;0;0;;0;0
1439640;BS-10;aqua2_nvt_wa_stm;АКВА L110 D15 C E;0;0;0;0;0;0;0;0;0;0;0;0;0;;0;0
1439721;BS-01;aqua2_stm;АКВА L110 D15 B E;0;0;0;0;0;0;0;0;0;0;0;0;0;;0;0
1440515;BS-02;aqua2_nvt_wa_stm;АКВА L110 D15 C E;0;0;0;0;0;0;0;0;0;0;0;0;0;;0;0
1441719;BS-05;aqua2_nvt_wa_stm;АКВА L110 D15 C E;0;0;0;0;0;0;0;0;0;0;0;0;0;;0;0
1442731;BS-01;aqua2_nvt_wa_stm;АКВА L110 D15 B E;0;0;0;0;0;0;0;0;0;0;0;0;0;;0;0
1444221;BS-04;aqua2_nvt_wa_stm;АКВА L110 D15 B E;0;0;0;0;0;0;0;0;0;0;1;147;0;;0;0
1446491;BS-02;aqua2_nvt_wa_stm;АКВА L110 D15 B E;0;0;0;0;0;0;0;0;0;0;0;0;0;;0;0
1450471;BS-10;aqua2_nvt_wa_stm;АКВА L110 D15 C E;0;0;0;0;1;1;0;0;0;0;0;0;0;;0;0
1452897;BS-08;aqua2_nvt_wa_stm;АКВА L110 D15 C E;0;0;0;0;0;0;0;0;0;0;0;0;0;;0;0
1454363;BS-05;aqua2_stm;АКВА L110 D15 C E;0;0;0;0;0;0;0;0;0;0;1;122;0;;0;0
1457212;BS-10;aqua2_nvt_wa_stm;АКВА L110 D15 C E;0;0;0;0;0;0;0;0;0;0;0;0;0;;0;0
1457258;BS-01;aqua2_nvt_wa_stm;АКВА L110 D15 C E;0;0;0;0;0;0;0;0;0;0;0;0;0;;0;0
1460239;BS-07;aqua2_nvt_wa_stm;АКВА L110 D15 B E;0;0;0;0;0;0;0;0;0;0;0;0;0;;0;0
1460940;BS-01;aqua2_nvt_wa_stm;АКВА L110 D15 B E;0;0;0;0;0;0;0;0;0;0;0;0;0;;0;0
1463873;BS-02;aqua2_nvt_wa_stm;АКВА L110 D15 B E;0;0;0;0;0;0;0;0;0;0;0;0;0;;0;0
1466132;BS-04;aqua2_nvt_wa_stm;АКВА L110 D15 C E;0;0;0;0;0;0;0;0;0;0;1;34;0;;0;0
1467418;BS-04;aqua2_nvt_wa_stm;АКВА L110 D15 B E;0;0;0;0;0;0;0;0;0;0;1;48;0;;0;0
1470903;BS-04;aqua2_nvt_wa_stm;АКВА L110 D15 C E;0;0;0;0;0;0;0;0;0;0;1;90;0;;0;0
1480541;BS-10;aqua2_nvt_wa_stm;АКВА L110 D15 C E;0;0;0;0;0;0;0;0;0;0;0;0;0;;0;0
1480551;BS-08;aqua2_nvt_wa_stm;АКВА L110 D15 C E;0;0;0;0;1;1;0;0;0;0;0;0;0;;0;0
1483685;BS-07;AQUA2;АКВА L110 D15 B E;0;0;0;0;0;0;0;0;1;119;0;0;0;;0;0
1492831;BS-07;AQUA2;АКВА L110 D15 B E;1;3;1;10;1;10;1;10;0;0;0;0;0;;0;0
1496904;BS-03;aqua2_stm;АКВА L110 D15 B E;0;0;0;0;0;0;0;0;1;147;0;0;0;;0;0
1500982;BS-07;aqua2_nvt_wa_stm;АКВА L110 D15 B E;0;0;0;0;0;0;0;0;0;0;0;0;0;;0;0
1501314;BS-06;aqua2_nvt_wa_stm;АКВА L110 D15 B E;0;0;0;0;0;0;0;0;0;0;0;0;0;;0;0
1504233;BS-04;aqua2_nvt_wa_stm;АКВА L110 D15 B E;0;0;0;0;0;0;0;0;0;0;1;95;0;;0;0
1509231;BS-02;aqua2_nvt_wa_stm;АКВА L110 D15 C E;0;0;0;0;0;0;0;0;0;0;0;0;0;;0;0
1510387;BS-06;aqua2_stm;АКВА L110 D15 B E;0;0;0;0;0;0;0;0;0;0;0;0;0;;0;0
1512557;BS-07;AQUA2;АКВА L110 D15 B E;0;0;0;0;0;0;0;0;1;146;0;0;1;16.266667;0;0
1513317;BS-04;aqua2_nvt_wa_stm;АКВА L110 D15 B E;0;0;0;0;0;0;0;0;0;0;1;97;0;;0;0
1521629;BS-05;aqua2_nvt_wa_stm;АКВА L110 D15 C E;0;0;0;0;0;0;0;0;0;0;1;41;0;;0;0
1524240;BS-04;aqua2_nvt_wa_stm;АКВА L110 D15 B E;0;0;0;0;0;0;0;0;0;0;1;56;0;;0;0
1527149;BS-05;aqua2_stm;АКВА L110 D15 B E;0;0;0;0;0;0;0;0;0;0;0;0;0;;0;0
1529069;BS-07;AQUA2;АКВА L110 D15 B E;0;0;0;0;1;1;0;0;0;0;0;0;0;;0;0
1529371;BS-08;aqua2_nvt_wa_stm;АКВА L110 D15 C E;0;0;0;0;0;0;0;0;0;0;1;131;0;;0;0
1531544;BS-03;aqua2_stm;АКВА L110 D15 B E;0;0;0;0;0;0;0;0;0;0;0;0;0;;0;0
1539336;BS-01;aqua2_nvt_wa_stm;АКВА L110 D15 C E;0;0;0;0;1;3;0;0;0;0;0;0;0;;0;0
1547698;BS-09;aqua2_stm;АКВА L110 D15 C E;0;0;0;0;0;0;0;0;0;0;1;322;0;;0;0
1551929;BS-04;aqua2_nvt_wa_stm;АКВА L110 D15 B E;0;0;0;0;0;0;0;0;0;0;1;36;0;;0;0
1556880;BS-09;aqua2_stm;АКВА L110 D15 C E;0;0;0;0;0;0;0;0;0;0;0;0;0;;0;0
1557433;BS-06;aqua2_stm;АКВА L110 D15 C E;0;0;0;0;0;0;0;0;0;0;0;0;0;;0;0
1557691;BS-07;AQUA2;АКВА L110 D15 B E;0;0;0;0;0;0;0;0;0;0;0;0;0;;0;0
1562638;BS-03;aqua2_nvt_wa_stm;АКВА L110 D15 C E;0;0;0;0;0;0;0;0;0;0;1;133;0;;0;0
1566678;BS-07;AQUA2;АКВА L110 D15 B E;0;0;0;0;0;0;0;0;0;0;0;0;0;;0;0
1572228;BS-06;AQUA2;АКВА L110 D15 C E;0;0;0;0;0;0;0;0;0;0;0;0;0;;0;0
1578912;BS-02;aqua2_stm;АКВА L110 D15 B E;0;0;0;0;0;0;0;0;0;0;0;0;0;;0;0
1580367;BS-03;aqua2_stm;АКВА L110 D15 B E;0;0;0;0;0;0;0;0;0;0;0;0;0;;0;0
1581018;BS-10;aqua2_stm;АКВА L130 D20 C E;0;0;1;124;1;1;0;0;0;0;0;0;1;21.944785;0;0
1582134;BS-05;aqua2_nvt_wa_stm;АКВА L110 D15 C E;0;0;0;0;0;0;0;0;0;0;0;0;0;;0;0
1586282;BS-03;aqua2_nvt_wa_stm;АКВА L110 D15 C E;0;0;0;0;0;0;0;0;0;0;1;252;0;;0;0
1591483;BS-08;aqua2_nvt_wa_stm;АКВА L110 D15 C E;0;0;0;0;0;0;0;0;0;0;1;79;0;;0;0
1595429;BS-07;AQUA2;АКВА L110 D15 B E;0;0;0;0;0;0;0;0;0;0;0;0;0;;0;0
1598183;BS-02;aqua2_stm;АКВА L110 D15 B E;0;0;0;0;0;0;0;0;0;0;0;0;0;;0;0
1599801;BS-10;aqua2_nvt_wa_stm;АКВА L110 D15 C E;0;0;0;0;0;0;0;0;0;0;0;0;0;;0;0
1606847;BS-03;aqua2_stm;АКВА L110 D15 B E;0;0;1;180;0;0;0;0;1;120;0;0;0;;0;0
1609520;BS-02;aqua2_stm;АКВА L110 D15 C E;0;0;0;0;1;5;0;0;0;0;0;0;0;;0;0
1609783;BS-02;aqua2_nvt_wa_stm;АКВА L110 D15 C E;0;0;0;0;0;0;0;0;0;0;0;0;0;;0;0
1614043;BS-02;aqua2_nvt_wa_stm;АКВА L110 D15 C E;0;0;0;0;0;0;0;0;0;0;0;0;0;;0;0
1614327;BS-09;aqua2_stm;АКВА L110 D15 C E;0;0;0;0;1;8;0;0;0;0;0;0;1;6.355556;0;0
1615525;BS-01;aqua2_stm;АКВА L110 D15 C E;0;0;0;0;0;0;0;0;0;0;0;0;0;;0;0
1623970;BS-08;aqua2_nvt_wa_stm;АКВА L110 D15 C E;0;0;0;0;1;1;0;0;0;0;0;0;0;;0;0
1626490;BS-06;aqua2_stm;АКВА L110 D15 B E;0;0;0;0;0;0;0;0;0;0;0;0;0;;0;0
1627805;BS-08;aqua2_nvt_wa_stm;АКВА L110 D15 C E;0;0;0;0;0;0;0;0;0;0;0;0;0;;0;0
1635103;BS-06;aqua2_stm;АКВА L110 D15 C E;0;0;0;0;1;2;0;0;0;0;0;0;0;;0;0
1635801;BS-03;AQUA2;АКВА L110 D15 B E;0;0;0;0;0;0;0;0;1;101;0;0;0;;0;0
1637769;BS-10;aqua2_nvt_wa_stm;АКВА L110 D15 C E;0;0;0;0;1;2;0;0;0;0;0;0;0;;0;0
1639300;BS-04;aqua2_nvt_wa_stm;АКВА L110 D15 B E;0;0;0;0;0;0;0;0;0;0;1;39;0;;0;0
1648762;BS-04;aqua2_nvt_wa_stm;АКВА L110 D15 B E;0;0;0;0;0;0;0;0;0;0;1;56;0;;0;0
1648954;BS-03;aqua2_stm;АКВА L110 D15 B E;0;0;1;240;0;0;0;0;0;0;0;0;0;;0;1
1649046;BS-04;aqua2_nvt_wa_stm;АКВА L110 D15 B E;0;0;0;0;0;0;0;0;0;0;1;31;0;;0;0
1652618;BS-08;aqua2_nvt_wa_stm;АКВА L110 D15 C E;0;0;0;0;0;0;0;0;0;0;0;0;0;;0;0
1653650;BS-01;aqua2_stm;АКВА L110 D15 C E;0;0;0;0;0;0;0;0;0;0;0;0;0;;0;0
1654117;BS-01;aqua2_nvt_wa_stm;АКВА L110 D15 C E;0;0;0;0;0;0;0;0;0;0;0;0;0;;0;0
1658732;BS-09;aqua2_stm;АКВА L110 D15 B E;0;0;0;0;0;0;0;0;0;0;1;32;0;;0;0
1659101;BS-09;aqua2_stm;АКВА L110 D15 C E;0;0;0;0;0;0;0;0;0;0;0;0;0;;0;0
1659383;BS-08;aqua2_nvt_wa_stm;АКВА L110 D15 C E;0;0;0;0;0;0;0;0;0;0;0;0;0;;0;0
1663018;BS-10;aqua2_nvt_wa_stm;АКВА L110 D15 C E;0;0;0;0;0;0;0;0;0;0;0;0;0;;0;0
1664296;BS-07;aqua2_stm;АКВА L110 D15 B E;0;0;0;0;0;0;0;0;0;0;0;0;0;;0;0
1667117;BS-10;aqua2_nvt_wa_stm;АКВА L110 D15 C E;0;0;0;0;0;0;0;0;0;0;0;0;0;;0;0
1675645;BS-09;aqua2_stm;АКВА L110 D15 C E;0;0;0;0;1;1;0;0;0;0;0;0;0;;0;0
1680989;BS-09;aqua2_stm;АКВА L110 D15 C E;0;0;0;0;0;0;0;0;0;0;0;0;0;;0;0
1684051;BS-02;aqua2_nvt_wa_stm;АКВА L110 D15 B E;0;0;0;0;0;0;0;0;0;0;0;0;0;;0;0
1693842;BS-01;aqua2_nvt_wa_stm;АКВА L110 D15 C E;0;0;0;0;0;0;0;0;0;0;1;37;0;;0;0
1693909;BS-04;aqua2_nvt_wa_stm;АКВА L110 D15 C E;0;0;0;0;0;0;0;0;0;0;1;92;0;;0;0
1698800;BS-03;AQUA2;АКВА L110 D15 B E;1;2;1;4;1;4;1;4;1;193;0;0;0;;0;0
1706397;BS-05;aqua2_nvt_wa_stm;АКВА L110 D15 C E;0;0;0;0;0;0;0;0;0;0;0;0;0;;0;0
1707796;BS-05;aqua2_nvt_wa_stm;АКВА L110 D15 C E;0;0;0;0;0;0;0;0;0;0;0;0;0;;0;0
1709733;BS-04;aqua2_nvt_wa_stm;АКВА L110 D15 C E;0;0;0;0;0;0;0;0;0;0;0;0;0;;0;0
1710212;BS-04;aqua2_nvt_wa_stm;АКВА L110 D15 B E;0;0;0;0;0;0;0;0;0;0;0;0;0;;0;0
1711857;BS-07;AQUA2;АКВА L110 D15 B E;0;0;0;0;0;0;0;0;0;0;0;0;0;;0;0
1715072;BS-04;aqua2_nvt_wa_stm;АКВА L110 D15 C E;0;0;0;0;0;0;0;0;0;0;1;39;0;;0;0
1716312;BS-03;aqua2_nvt_wa_stm;АКВА L110 D15 C E;0;0;0;0;0;0;0;0;0;0;1;150;0;;0;0
1722080;BS-03;aqua2_nvt_wa_stm;АКВА L110 D15 C E;0;0;0;0;1;8;0;0;0;0;0;0;0;;0;0
1729895;BS-01;aqua2_stm;АКВА L110 D15 B E;0;0;0;0;0;0;0;0;0;0;0;0;0;;0;0
1736119;BS-08;aqua2_nvt_wa_stm;АКВА L110 D15 C E;0;0;0;0;0;0;0;0;0;0;1;44;0;;0;0
1737103;BS-01;aqua2_nvt_wa_stm;АКВА L110 D15 B E;0;0;0;0;0;0;0;0;0;0;0;0;0;;0;0
1738982;BS-04;aqua2_nvt_wa_stm;АКВА L110 D15 B E;0;0;0;0;0;0;0;0;0;0;1;94;0;;0;0
1741955;BS-06;aqua2_stm;АКВА L110 D15 B E;0;0;0;0;0;0;0;0;0;0;0;0;0;;0;0
1748365;BS-02;aqua2_nvt_wa_stm;АКВА L110 D15 C E;0;0;0;0;0;0;0;0;0;0;0;0;0;;0;0
1748710;BS-07;AQUA2;АКВА L110 D15 B E;0;0;0;0;0;0;0;0;0;0;0;0;0;;0;0
1750418;BS-06;aqua2_stm;АКВА L110 D15 B E;0;0;0;0;0;0;0;0;0;0;0;0;0;;0;0
1750839;BS-07;aqua2_nvt_wa_stm;АКВА L110 D15 B E;0;0;0;0;0;0;0;0;0;0;0;0;0;;0;0
1751576;BS-04;aqua2_nvt_wa_stm;АКВА L110 D15 C E;0;0;0;0;0;0;0;0;0;0;0;0;0;;0;0
1752404;BS-04;aqua2_nvt_wa_stm;АКВА L110 D15 C E;0;0;0;0;0;0;0;0;0;0;1;63;0;;0;0
1752882;BS-03;aqua2_stm;АКВА L110 D15 C E;0;0;0;0;0;0;0;0;1;97;0;0;0;;0;0
1755769;BS-06;aqua2_stm;АКВА L110 D15 C E;0;0;0;0;0;0;0;0;0;0;0;0;0;;0;0
1761866;BS-08;aqua2_nvt_wa_stm;АКВА L110 D15 B E;0;0;0;0;0;0;0;0;0;0;0;0;0;;0;0
1762548;BS-05;aqua2_nvt_wa_stm;АКВА L110 D15 C E;0;0;0;0;0;0;0;0;0;0;0;0;0;;0;0
1766221;BS-04;aqua2_nvt_wa_stm;АКВА L110 D15 C E;0;0;0;0;0;0;0;0;0;0;0;0;0;;0;0
1766415;BS-07;aqua2_stm;АКВА L110 D15 B E;0;0;0;0;0;0;0;0;0;0;0;0;0;;0;0
1769196;BS-04;aqua2_nvt_wa_stm;АКВА L110 D15 B E;0;0;0;0;0;0;0;0;0;0;1;74;0;;0;0
1769259;BS-02;aqua2_nvt_wa_stm;АКВА L110 D15 B E;0;0;0;0;0;0;0;0;0;0;0;0;0;;0;0
1769552;BS-02;aqua2_nvt_wa_stm;АКВА L110 D15 C E;0;0;0;0;0;0;0;0;0;0;0;0;0;;0;0
1770522;BS-10;aqua2_nvt_wa_stm;АКВА L110 D15 C E;0;0;0;0;0;0;0;0;0;0;0;0;0;;0;0
1773366;BS-08;aqua2_nvt_wa_stm;АКВА L110 D15 C E;0;0;1;1;1;3;0;0;0;0;0;0;0;;0;0
1781014;BS-03;aqua2_stm;АКВА L110 D15 C E;0;0;0;0;0;0;0;0;0;0;0;0;0;;1;0
1782660;BS-08;aqua2_nvt_wa_stm;АКВА L110 D15 C E;0;0;0;0;0;0;0;0;0;0;0;0;0;;0;0
1790180;BS-05;aqua2_nvt_wa_stm;АКВА L110 D15 C E;0;0;0;0;0;0;0;0;0;0;0;0;0;;0;0
1791315;BS-03;aqua2_stm;АКВА L110 D15 B E;0;0;0;0;0;0;0;0;0;0;0;0;0;;0;0
1793798;BS-09;aqua2_stm;АКВА L110 D15 C E;0;0;0;0;0;0;0;0;0;0;0;0;1;4.609524;0;0
1794929;BS-02;aqua2_nvt_wa_stm;АКВА L110 D15 C E;0;0;0;0;0;0;0;0;0;0;0;0;0;;0;0
1803331;BS-06;AQUA2;АКВА L110 D15 B E;0;0;0;0;0;0;0;0;0;0;0;0;0;;0;0
1806248;BS-05;aqua2_nvt_wa_stm;АКВА L110 D15 C E;0;0;0;0;0;0;0;0;0;0;0;0;0;;0;0
1816738;BS-08;aqua2_nvt_wa_stm;АКВА L110 D15 C E;0;0;0;0;0;0;0;0;0;0;1;150;0;;0;0
1817743;BS-09;aqua2_stm;АКВА L110 D15 C E;0;0;0;0;0;0;0;0;1;119;0;0;0;;0;0
1831404;BS-01;aqua2_nvt_wa_stm;АКВА L110 D15 B E;0;0;0;0;0;0;0;0;0;0;0;0;0;;0;0
1831470;BS-05;AQUA2;АКВА L110 D15 B E;0;0;0;0;0;0;0;0;0;0;1;214;0;;0;0
1832904;BS-09;aqua2_stm;АКВА L110 D15 C E;0;0;0;0;0;0;0;0;0;0;0;0;0;;0;0
1835380;BS-05;AQUA2;АКВА L110 D15 B E;1;1;0;0;1;2;0;0;0;0;0;0;0;;0;0
1838227;BS-05;aqua2_stm;АКВА L110 D15 B E;0;0;0;0;0;0;0;0;0;0;0;0;0;;0;0
1838515;BS-06;aqua2_stm;АКВА L110 D15 C E;0;0;0;0;0;0;0;0;0;0;0;0;0;;0;0
1845897;BS-07;AQUA2;АКВА L110 D15 B E;0;0;0;0;0;0;0;0;0;0;0;0;0;;0;0
1846570;BS-09;aqua2_stm;АКВА L110 D15 C E;0;0;0;0;0;0;0;0;0;0;1;56;0;;0;0
1847627;BS-06;aqua2_stm;АКВА L110 D15 C E;0;0;0;0;1;7;0;0;0;0;0;0;0;;0;0
1848568;BS-07;AQUA2;АКВА L110 D15 B E;0;0;0;0;0;0;0;0;0;0;0;0;0;;0;0
1851576;BS-06;aqua2_stm;АКВА L110 D15 B E;0;0;0;0;0;0;0;0;0;0;0;0;0;;0;0
1853186;BS-09;aqua2_stm;АКВА L110 D15 B E;0;0;0;0;0;0;0;0;0;0;0;0;0;;0;0
1863531;BS-06;aqua2_nvt_wa_stm;АКВА L110 D15 B E;0;0;0;0;0;0;0;0;1;113;0;0;0;;0;0
1864174;BS-03;aqua2_stm;АКВА L110 D15 B E;0;0;1;1;0;0;0;0;1;216;0;0;0;;0;0
1869516;BS-08;aqua2_nvt_wa_stm;АКВА L110 D15 C E;0;0;0;0;0;0;0;0;0;0;0;0;0;;0;0
1871084;BS-03;aqua2_stm;АКВА L110 D15 B E;0;0;0;0;0;0;0;0;1;108;0;0;0;;0;0
1871826;BS-06;AQUA2;АКВА L110 D15 B E;0;0;0;0;0;0;0;0;0;0;0;0;0;;0;0
1880404;BS-02;aqua2_nvt_wa_stm;АКВА L110 D15 C E;0;0;0;0;0;0;0;0;0;0;0;0;0;;0;0
1884009;BS-02;aqua2_nvt_wa_stm;АКВА L110 D15 B E;0;0;0;0;0;0;0;0;0;0;0;0;0;;0;0
1887435;BS-07;AQUA2;АКВА L110 D15 B E;0;0;0;0;0;0;0;0;0;0;0;0;0;;0;0
1888107;BS-08;aqua2_nvt_wa_stm;АКВА L110 D15 C E;0;0;0;0;0;0;0;0;1;98;0;0;0;;0;0
1895151;BS-07;AQUA2;АКВА L110 D15 B E;0;0;0;0;0;0;0;0;1;96;0;0;0;;0;0
1895576;BS-09;aqua2_stm;АКВА L110 D15 C E;0;0;0;0;0;0;0;0;0;0;0;0;0;;0;0
1896461;BS-09;aqua2_stm;АКВА L110 D15 B E;0;0;0;0;0;0;0;0;0;0;1;130;0;;0;0
1900867;BS-08;aqua2_nvt_wa_stm;АКВА L110 D15 C E;0;0;0;0;0;0;0;0;0;0;0;0;0;;0;0
1901601;BS-10;aqua2_stm;АКВА L110 D15 C E;0;0;1;64;0;0;0;0;0;0;0;0;0;;0;0
1905027;BS-06;aqua2_nvt_wa_stm;АКВА L110 D15 C E;0;0;1;1;0;0;0;0;0;0;0;0;0;;0;0
1906127;BS-09;aqua2_stm;АКВА L110 D15 C E;0;0;0;0;0;0;0;0;1;202;0;0;0;;0;0
1907070;BS-03;AQUA2;АКВА L110 D15 B E;0;0;0;0;0;0;0;0;0;0;0;0;0;;0;0
1907417;BS-09;aqua2_stm;АКВА L110 D15 C E;0;0;0;0;0;0;0;0;0;0;1;41;0;;0;0
1908775;BS-01;aqua2_nvt_wa_stm;АКВА L110 D15 B E;0;0;0;0;0;0;0;0;0;0;0;0;0;;0;0
1909301;BS-09;aqua2_stm;АКВА L110 D15 C E;0;0;1;2;1;6;0;0;0;0;0;0;0;;0;0
1918126;BS-02;aqua2_nvt_wa_stm;АКВА L110 D15 B E;0;0;0;0;0;0;0;0;0;0;0;0;0;;0;0
1918245;BS-06;aqua2_stm;АКВА L110 D15 C E;0;0;0;0;0;0;0;0;0;0;0;0;0;;0;0
1921843;BS-08;aqua2_nvt_wa_stm;АКВА L110 D15 C E;0;0;0;0;0;0;0;0;0;0;1;35;0;;0;0
1922936;BS-09;aqua2_stm;АКВА L110 D15 C E;0;0;0;0;0;0;0;0;1;133;0;0;0;;0;0
1925279;BS-09;aqua2_stm;АКВА L110 D15 C E;0;0;0;0;0;0;0;0;0;0;0;0;1;5.072727;1;0
1925374;BS-01;aqua2_nvt_wa_stm;АКВА L110 D15 C E;0;0;0;0;0;0;0;0;0;0;0;0;0;;0;0
1925951;BS-04;aqua2_nvt_wa_stm;АКВА L110 D15 B E;0;0;0;0;0;0;0;0;0;0;1;32;0;;0;0
1929715;BS-05;aqua2_stm;АКВА L110 D15 C E;0;0;0;0;0;0;0;0;0;0;0;0;0;;0;0
1934676;BS-06;aqua2_stm;АКВА L110 D15 B E;0;0;0;0;0;0;0;0;0;0;0;0;0;;0;0
1937978;BS-10;aqua2_nvt_wa_stm;АКВА L110 D15 C E;0;0;0;0;0;0;0;0;0;0;1;38;0;;0;0
1942236;BS-05;aqua2_stm;АКВА L110 D15 B E;0;0;0;0;0;0;0;0;1;146;0;0;0;;0;0
1942540;BS-07;AQUA2;АКВА L110 D15 B E;0;0;0;0;0;0;0;0;1;101;0;0;0;;0;0
1944961;BS-10;aqua2_stm;АКВА L110 D15 C E;0;0;1;49;0;0;0;0;1;213;0;0;0;;0;0
1945042;BS-06;aqua2_stm;АКВА L110 D15 B E;0;0;0;0;0;0;0;0;0;0;0;0;0;;0;0
1947618;BS-10;aqua2_nvt_wa_stm;АКВА L110 D15 C E;0;0;0;0;0;0;0;0;0;0;0;0;0;;0;0
1952692;BS-10;aqua2_nvt_wa_stm;АКВА L110 D15 C E;0;0;0;0;0;0;0;0;0;0;0;0;0;;0;0
1954210;BS-05;aqua2_nvt_wa_stm;АКВА L110 D15 C E;0;0;0;0;0;0;0;0;0;0;0;0;0;;0;0
1955747;BS-01;aqua2_nvt_wa_stm;АКВА L110 D15 C E;0;0;0;0;0;0;0;0;0;0;0;0;0;;0;0
1968630;BS-03;aqua2_stm;АКВА L110 D15 C E;0;0;0;0;0;0;0;0;0;0;0;0;0;;0;0
1968874;BS-09;aqua2_stm;АКВА L110 D15 C E;0;0;0;0;0;0;0;0;1;365;0;0;0;;0;0
1975122;BS-09;aqua2_stm;АКВА L110 D15 C E;0;0;0;0;0;0;0;0;1;134;0;0;0;;0;0
1977386;BS-05;aqua2_nvt_wa_stm;АКВА L110 D15 C E;0;0;0;0;0;0;0;0;0;0;0;0;0;;0;0
1982516;BS-08;aqua2_nvt_wa_stm;АКВА L110 D15 C E;0;0;0;0;0;0;0;0;0;0;0;0;0;;0;0
1987230;BS-05;aqua2_stm;АКВА L110 D15 C E;0;0;0;0;1;8;0;0;0;0;0;0;1;5.11;0;0
1988583;BS-06;aqua2_stm;АКВА L110 D15 C E;0;0;0;0;0;0;0;0;0;0;0;0;0;;0;0
1989891;BS-05;aqua2_nvt_wa_stm;АКВА L110 D15 C E;0;0;0;0;0;0;0;0;0;0;0;0;0;;0;0
1994113;BS-01;aqua2_nvt_wa_stm;АКВА L110 D15 B E;0;0;0;0;0;0;0;0;0;0;0;0;0;;0;0
1998748;BS-02;aqua2_nvt_wa_stm;АКВА L110 D15 B E;0;0;0;0;0;0;0;0;0;0;0;0;0;;0;0
2005318;BS-06;aqua2_stm;АКВА L110 D15 C E;0;0;0;0;0;0;0;0;0;0;0;0;0;;0;0
2010080;BS-01;aqua2_nvt_wa_stm;АКВА L110 D15 B E;0;0;0;0;0;0;0;0;0;0;1;37;0;;0;0
2014988;BS-10;aqua2_nvt_wa_stm;АКВА L110 D15 C E;0;0;1;24;0;0;0;0;1;186;0;0;1;12.124031;0;0
2016023;BS-03;aqua2_nvt_wa_stm;АКВА L110 D15 C E;0;0;0;0;0;0;0;0;0;0;0;0;0;;0;0
2022274;BS-01;aqua2_stm;АКВА L110 D15 C E;0;0;0;0;0;0;0;0;0;0;0;0;0;;0;0
2022801;BS-08;aqua2_stm;АКВА L110 D15 C E;0;0;0;0;0;0;0;0;1;106;0;0;0;;0;0
2030325;BS-03;AQUA2;АКВА L110 D15 B E;1;13;1;48;1;48;1;47;0;0;0;0;0;;0;0
2032269;BS-01;aqua2_stm;АКВА L110 D15 B E;0;0;0;0;0;0;0;0;0;0;0;0;0;;0;0
2036206;BS-03;aqua2_nvt_wa_stm;АКВА L110 D15 B E;0;0;0;0;0;0;0;0;0;0;0;0;0;;0;0
2037406;BS-02;aqua2_nvt_wa_stm;АКВА L110 D15 C E;0;0;0;0;0;0;0;0;0;0;0;0;0;;0;0
2044112;BS-05;aqua2_nvt_wa_stm;АКВА L110 D15 C E;0;0;0;0;0;0;0;0;0;0;0;0;0;;0;0
2045316;BS-06;aqua2_stm;АКВА L110 D15 C E;0;0;0;0;0;0;0;0;0;0;0;0;0;;0;0
2051196;BS-03;aqua2_stm;АКВА L110 D15 C E;0;0;0;0;0;0;0;0;1;183;0;0;0;;0;0
2051883;BS-10;aqua2_nvt_wa_stm;АКВА L110 D15 C E;0;0;0;0;0;0;0;0;0;0;0;0;0;;0;0
2055455;BS-10;aqua2_nvt_wa_stm;АКВА L110 D15 C E;0;0;0;0;0;0;0;0;0;0;1;56;0;;0;0
2057545;BS-05;AQUA2;АКВА L110 D15 C E;0;0;0;0;0;0;0;0;1;216;0;0;0;;0;0
2062119;BS-08;aqua2_nvt_wa_stm;АКВА L110 D15 C E;0;0;0;0;0;0;0;0;0;0;0;0;0;;0;0
2062847;BS-09;aqua2_stm;АКВА L110 D15 C E;0;0;0;0;0;0;0;0;0;0;0;0;0;;0;0
2066714;BS-05;aqua2_stm;АКВА L110 D15 B E;0;0;0;0;1;1;0;0;0;0;0;0;0;;0;0
2066920;BS-06;aqua2_stm;АКВА L110 D15 B E;0;0;0;0;0;0;0;0;0;0;0;0;0;;0;0
2072982;BS-05;AQUA2;АКВА L110 D15 C E;0;0;0;0;0;0;0;0;0;0;1;216;0;;0;0
2073952;BS-10;aqua2_nvt_wa_stm;АКВА L110 D15 C E;0;0;0;0;0;0;0;0;0;0;0;0;0;;0;0
2077976;BS-02;aqua2_nvt_wa_stm;АКВА L110 D15 C E;0;0;0;0;0;0;0;0;0;0;0;0;0;;0;0
2081796;BS-04;aqua2_nvt_wa_stm;АКВА L110 D15 B E;0;0;0;0;0;0;0;0;0;0;1;64;0;;0;0
2090291;BS-01;aqua2_nvt_wa_stm;АКВА L110 D15 C E;0;0;0;0;1;1;0;0;0;0;0;0;0;;0;0
2090537;BS-07;AQUA2;АКВА L110 D15 B E;0;0;0;0;0;0;0;0;0;0;0;0;0;;0;0
2094607;BS-10;aqua2_nvt_wa_stm;АКВА L110 D15 C E;0;0;0;0;1;2;0;0;0;0;0;0;0;;0;0
2095402;BS-10;aqua2_nvt_wa_stm;АКВА L110 D15 C E;0;0;0;0;0;0;0;0;0;0;0;0;0;;0;0
2098906;BS-07;aqua2_stm;АКВА L110 D15 B E;0;0;0;0;0;0;0;0;0;0;0;0;0;;0;0
2101879;BS-03;aqua2_stm;АКВА L110 D15 B E;0;0;0;0;0;0;0;0;0;0;0;0;0;;0;0
2105982;BS-09;aqua2_stm;АКВА L110 D15 C E;0;0;0;0;0;0;0;0;0;0;0;0;0;;0;0
2106185;BS-03;aqua2_stm;АКВА L110 D15 C E;0;0;0;0;1;2;0;0;1;92;0;0;0;;0;0
2106907;BS-08;aqua2_nvt_wa_stm;АКВА L110 D15 C E;0;0;0;0;0;0;0;0;1;95;0;0;1;3.191489;0;0
2108444;BS-01;aqua2_nvt_wa_stm;АКВА L110 D15 B E;0;0;0;0;0;0;0;0;0;0;0;0;0;;0;0
2114701;BS-05;aqua2_nvt_wa_stm;АКВА L110 D15 B E;0;0;0;0;0;0;0;0;0;0;1;92;0;;0;0
2121495;BS-04;aqua2_nvt_wa_stm;АКВА L110 D15 C E;0;0;0;0;0;0;0;0;0;0;1;138;0;;0;0
2121889;BS-08;aqua2_nvt_wa_stm;АКВА L110 D15 C E;0;0;0;0;0;0;0;0;0;0;0;0;0;;0;0
2122396;BS-01;AQUA2;АКВА L110 D15 B E;0;0;0;0;0;0;0;0;0;0;0;0;0;;0;0
2123408;BS-06;aqua2_stm;АКВА L110 D15 B E;0;0;0;0;0;0;0;0;0;0;0;0;0;;0;0
2123950;BS-06;aqua2_stm;АКВА L110 D15 C E;0;0;0;0;0;0;0;0;0;0;0;0;0;;0;0
2126094;BS-08;aqua2_nvt_wa_stm;АКВА L110 D15 C E;0;0;0;0;0;0;0;0;0;0;0;0;0;;0;0
2126145;BS-06;aqua2_stm;АКВА L110 D15 B E;0;0;0;0;0;0;0;0;0;0;0;0;0;;0;0
2127854;BS-04;aqua2_nvt_wa_stm;АКВА L110 D15 C E;0;0;0;0;0;0;0;0;0;0;1;143;0;;0;0
2129185;BS-09;aqua2_stm;АКВА L110 D15 C E;0;0;0;0;0;0;0;0;0;0;1;105;0;;0;0
2130747;BS-05;aqua2_stm;АКВА L110 D15 B E;0;0;0;0;1;1;0;0;1;141;0;0;0;;0;0
2131126;BS-01;aqua2_nvt_wa_stm;АКВА L110 D15 B E;0;0;0;0;0;0;0;0;0;0;0;0;0;;0;0
2131184;BS-06;aqua2_nvt_wa_stm;АКВА L110 D15 C E;0;0;0;0;0;0;0;0;0;0;1;71;0;;0;0
2140279;BS-04;aqua2_nvt_wa_stm;АКВА L110 D15 B E;0;0;0;0;0;0;0;0;0;0;1;66;0;;0;0
2141883;BS-10;aqua2_nvt_wa_stm;АКВА L110 D15 C E;0;0;0;0;0;0;0;0;0;0;1;67;0;;0;0
2145467;BS-08;aqua2_nvt_wa_stm;АКВА L110 D15 C E;0;0;0;0;0;0;0;0;0;0;0;0;0;;0;0
2148838;BS-03;AQUA2;АКВА L130 D20 C E;0;0;1;3;1;6;0;0;1;324;0;0;0;;0;0
2149607;BS-02;aqua2_nvt_wa_stm;АКВА L110 D15 C E;0;0;0;0;0;0;0;0;0;0;0;0;0;;0;0
2151506;BS-08;aqua2_nvt_wa_stm;АКВА L110 D15 C E;0;0;0;0;0;0;0;0;0;0;0;0;0;;0;0
2158804;BS-09;aqua2_stm;АКВА L110 D15 B E;0;0;0;0;0;0;0;0;0;0;0;0;0;;0;0
2158929;BS-09;aqua2_stm;АКВА L110 D15 C E;0;0;1;1;1;20;0;0;1;236;0;0;1;18.727465;0;0
2159987;BS-07;AQUA2;АКВА L110 D15 B E;1;1;1;2;1;2;1;2;1;108;0;0;0;;0;0
2161582;BS-09;aqua2_stm;АКВА L110 D15 C E;1;1;0;0;0;0;0;0;0;0;0;0;0;;0;0
2164205;BS-02;aqua2_nvt_wa_stm;АКВА L110 D15 C E;0;0;0;0;0;0;0;0;0;0;0;0;0;;0;0
2164340;BS-04;aqua2_nvt_wa_stm;АКВА L110 D15 B E;0;0;0;0;0;0;0;0;0;0;1;53;0;;0;0
2164895;BS-05;AQUA2;;0;0;0;0;1;1;0;0;0;0;0;0;0;;0;0
2166461;BS-06;aqua2_stm;АКВА L110 D15 B E;0;0;0;0;0;0;0;0;0;0;0;0;0;;0;0
2167255;BS-03;aqua2_nvt_wa_stm;АКВА L110 D15 C E;0;0;0;0;0;0;0;0;0;0;0;0;0;;0;0
2169603;BS-09;aqua2_stm;АКВА L110 D15 C E;0;0;1;7;1;11;0;0;1;128;0;0;0;;0;0
2177021;BS-09;aqua2_stm;АКВА L110 D15 C E;0;0;0;0;0;0;0;0;0;0;0;0;0;;0;0
2184527;BS-06;aqua2_stm;АКВА L110 D15 C E;0;0;0;0;0;0;0;0;0;0;0;0;0;;0;0
2188349;BS-07;AQUA2;АКВА L110 D15 B E;0;0;0;0;0;0;0;0;1;107;0;0;0;;0;0
2194061;BS-03;aqua2_stm;АКВА L110 D15 B E;0;0;0;0;0;0;0;0;0;0;0;0;1;5.263158;0;0
2194259;BS-03;aqua2_stm;АКВА L110 D15 C E;0;0;0;0;0;0;0;0;0;0;0;0;0;;0;0
2197125;BS-02;aqua2_nvt_wa_stm;АКВА L110 D15 C E;0;0;0;0;0;0;0;0;0;0;0;0;0;;0;0
2199847;BS-07;AQUA2;АКВА L110 D15 B E;0;0;1;2;1;7;0;0;0;0;0;0;0;;0;0
2200015;BS-06;aqua2_stm;АКВА L110 D15 B E;0;0;0;0;0;0;0;0;0;0;0;0;0;;0;0
2202906;BS-02;aqua2_nvt_wa_stm;АКВА L110 D15 C E;0;0;0;0;0;0;0;0;0;0;0;0;0;;0;0
2204880;BS-05;AQUA2;АКВА L110 D15 B E;0;0;0;0;0;0;0;0;0;0;1;71;0;;0;0
2206881;BS-01;aqua2_nvt_wa_stm;АКВА L110 D15 C E;0;0;0;0;1;1;0;0;0;0;1;54;0;;0;0
2207672;BS-05;AQUA2;АКВА L110 D15 B E;0;0;0;0;0;0;0;0;0;0;1;104;0;;0;0
2208498;BS-10;aqua2_nvt_wa_stm;АКВА L110 D15 C E;0;0;0;0;0;0;0;0;0;0;0;0;0;;0;0
2210528;BS-07;AQUA2;АКВА L110 D15 B E;0;0;0;0;1;7;0;0;1;102;0;0;0;;0;0
2222497;BS-02;aqua2_nvt_wa_stm;АКВА L110 D15 C E;0;0;0;0;0;0;0;0;0;0;0;0;0;;0;0
2223581;BS-06;aqua2_nvt_wa_stm;АКВА L110 D15 B E;0;0;0;0;0;0;0;0;0;0;0;0;0;;0;0
2224075;BS-03;aqua2_stm;АКВА L110 D15 B E;1;1;0;0;0;0;0;0;0;0;0;0;0;;0;0
2229586;BS-09;aqua2_stm;АКВА L110 D15 C E;0;0;0;0;0;0;0;0;0;0;0;0;0;;0;0
2229718;BS-09;aqua2_stm;АКВА L110 D15 C E;0;0;0;0;0;0;0;0;1;160;0;0;1;3.841503;0;0
2230600;BS-10;aqua2_nvt_wa_stm;АКВА L110 D15 C E;0;0;0;0;0;0;0;0;0;0;1;32;0;;0;0
2230654;BS-01;aqua2_nvt_wa_stm;АКВА L110 D15 C E;0;0;0;0;0;0;0;0;0;0;0;0;0;;0;0
2233026;BS-08;aqua2_nvt_wa_stm;АКВА L110 D15 C E;0;0;0;0;0;0;0;0;0;0;0;0;0;;0;0
2236901;BS-03;aqua2_stm;АКВА L110 D15 C E;0;0;0;0;1;1;0;0;0;0;0;0;0;;0;0
2240307;BS-09;aqua2_stm;АКВА L110 D15 C E;0;0;0;0;0;0;0;0;1;266;0;0;0;;0;0
2240590;BS-10;aqua2_nvt_wa_stm;АКВА L110 D15 C E;0;0;0;0;0;0;0;0;0;0;0;0;0;;0;0
2246736;BS-05;aqua2_stm;АКВА L110 D15 B E;0;0;0;0;0;0;0;0;0;0;0;0;0;;0;0
2250865;BS-10;aqua2_nvt_wa_stm;АКВА L110 D15 C E;0;0;0;0;0;0;0;0;0;0;0;0;0;;0;0
2254949;BS-07;AQUA2;АКВА L110 D15 B E;0;0;0;0;0;0;0;0;0;0;0;0;0;;0;0
2255232;BS-06;aqua2_stm;АКВА L110 D15 B E;0;0;0;0;0;0;0;0;0;0;0;0;0;;0;0
2255349;BS-08;aqua2_nvt_wa_stm;АКВА L110 D15 C E;0;0;0;0;0;0;0;0;0;0;1;74;0;;0;0
2256889;BS-09;aqua2_stm;АКВА L110 D15 C E;0;0;0;0;0;0;0;0;0;0;0;0;0;;0;0
2260200;BS-10;aqua2_nvt_wa_stm;АКВА L110 D15 C E;0;0;0;0;0;0;0;0;0;0;0;0;0;;0;0
2262164;BS-05;aqua2_nvt_wa_stm;АКВА L110 D15 B E;0;0;0;0;0;0;0;0;0;0;1;57;0;;0;0
2263219;BS-06;aqua2_stm;АКВА L110 D15 C E;0;0;0;0;0;0;0;0;0;0;0;0;0;;0;0
2269762;BS-10;aqua2_nvt_wa_stm;АКВА L110 D15 C E;0;0;0;0;0;0;0;0;0;0;0;0;0;;0;0
2274421;BS-05;aqua2_nvt_wa_stm;АКВА L110 D15 C E;0;0;0;0;0;0;0;0;0;0;0;0;0;;0;0
2275400;BS-02;aqua2_nvt_wa_stm;АКВА L110 D15 C E;0;0;0;0;0;0;0;0;0;0;0;0;0;;0;0
2275982;BS-05;AQUA2;АКВА L110 D15 C E;0;0;0;0;0;0;0;0;0;0;1;165;0;;0;0
2278580;BS-05;aqua2_nvt_wa_stm;АКВА L110 D15 C E;0;0;0;0;0;0;0;0;0;0;0;0;0;;0;0
2297679;BS-08;aqua2_nvt_wa_stm;АКВА L110 D15 B E;0;0;0;0;0;0;0;0;0;0;1;123;0;;0;0
2301198;BS-09;aqua2_stm;АКВА L110 D15 B E;0;0;0;0;0;0;0;0;0;0;0;0;0;;0;0
2306353;BS-06;aqua2_stm;АКВА L110 D15 B E;0;0;0;0;0;0;0;0;0;0;0;0;0;;0;0
2307075;BS-10;aqua2_nvt_wa_stm;АКВА L110 D15 C E;0;0;0;0;0;0;0;0;0;0;0;0;0;;0;0
2309190;BS-10;aqua2_nvt_wa_stm;АКВА L110 D15 C E;0;0;0;0;0;0;0;0;0;0;0;0;0;;0;0
2313530;BS-06;aqua2_stm;АКВА L110 D15 B E;0;0;0;0;0;0;0;0;0;0;0;0;0;;0;0
2325092;BS-02;aqua2_nvt_wa_stm;АКВА L110 D15 C E;0;0;0;0;0;0;0;0;0;0;0;0;0;;0;0
2327711;BS-04;aqua2_nvt_wa_stm;АКВА L110 D15 C E;0;0;0;0;0;0;0;0;0;0;1;120;0;;0;0
2331473;BS-03;aqua2_stm;АКВА L110 D15 B E;0;0;1;1;0;0;0;0;0;0;0;0;0;;0;0
2331858;BS-10;aqua2_stm;АКВА L110 D15 C E;0;0;1;62;0;0;0;0;0;0;0;0;0;;0;0
2333289;BS-02;aqua2_nvt_wa_stm;АКВА L110 D15 C E;0;0;0;0;0;0;0;0;0;0;0;0;0;;0;0
2333339;BS-08;aqua2_nvt_wa_stm;АКВА L110 D15 C E;0;0;0;0;0;0;0;0;0;0;0;0;0;;0;0
2333473;BS-04;aqua2_nvt_wa_stm;АКВА L110 D15 C E;0;0;0;0;0;0;0;0;0;0;1;111;0;;0;0
2343268;BS-10;aqua2_nvt_wa_stm;АКВА L110 D15 C E;0;0;0;0;0;0;0;0;0;0;0;0;0;;0;0
2350812;BS-07;AQUA2;АКВА L110 D15 B E;0;0;0;0;0;0;0;0;1;179;0;0;0;;0;0
2351232;BS-05;AQUA2;АКВА L110 D15 C E;1;4;1;9;1;9;1;9;0;0;0;0;1;8.136364;0;0
2351624;BS-07;AQUA2;АКВА L110 D15 B E;0;0;0;0;0;0;0;0;0;0;0;0;0;;0;0
2351697;BS-10;aqua2_nvt_wa_stm;АКВА L110 D15 C E;0;0;0;0;0;0;0;0;0;0;1;71;0;;0;0
2354093;BS-10;AQUA2;АКВА L110 D15 C E;0;0;0;0;0;0;0;0;0;0;1;50;0;;0;0
2356509;BS-08;aqua2_nvt_wa_stm;АКВА L110 D15 C E;0;0;0;0;0;0;0;0;0;0;0;0;0;;0;0
2358442;BS-05;aqua2_nvt_wa_stm;АКВА L110 D15 B E;0;0;0;0;0;0;0;0;0;0;1;125;0;;0;0
2358866;BS-08;aqua2_nvt_wa_stm;АКВА L110 D15 C E;0;0;1;1;1;2;0;0;0;0;0;0;0;;0;0
2367266;BS-02;aqua2_nvt_wa_stm;АКВА L110 D15 B E;0;0;0;0;0;0;0;0;0;0;0;0;0;;0;0
2368381;BS-07;AQUA2;АКВА L110 D15 B E;0;0;0;0;0;0;0;0;0;0;0;0;0;;0;0
2369469;BS-05;aqua2_stm;АКВА L110 D15 C E;0;0;0;0;0;0;0;0;0;0;0;0;0;;0;0
2372680;BS-07;AQUA2;АКВА L110 D15 B E;0;0;0;0;0;0;0;0;0;0;0;0;0;;0;0
2374960;BS-01;aqua2_stm;АКВА L110 D15 B E;0;0;0;0;0;0;0;0;0;0;0;0;0;;0;0
2376453;BS-06;aqua2_stm;АКВА L110 D15 B E;0;0;0;0;0;0;0;0;0;0;0;0;0;;0;0
2378582;BS-02;aqua2_nvt_wa_stm;АКВА L110 D15 C E;0;0;0;0;0;0;0;0;0;0;0;0;0;;0;0
2382071;BS-10;aqua2_nvt_wa_stm;АКВА L110 D15 C E;0;0;0;0;0;0;0;0;0;0;0;0;0;;0;0
2382929;BS-07;AQUA2;АКВА L110 D15 B E;0;0;0;0;0;0;0;0;0;0;0;0;0;;0;0
2383758;BS-09;aqua2_stm;АКВА L110 D15 C E;0;0;1;2;1;3;0;0;0;0;0;0;1;12.333333;0;0
2388450;BS-07;AQUA2;АКВА L110 D15 B E;0;0;0;0;0;0;0;0;0;0;0;0;0;;0;0
2393165;BS-01;aqua2_stm;АКВА L110 D15 B E;0;0;0;0;0;0;0;0;0;0;0;0;0;;0;0
2394911;BS-02;aqua2_nvt_wa_stm;АКВА L110 D15 B E;0;0;0;0;0;0;0;0;0;0;0;0;0;;0;0
2397915;BS-09;aqua2_stm;АКВА L110 D15 C E;0;0;0;0;1;1;0;0;1;117;0;0;0;;0;0
2403031;BS-02;aqua2_stm;АКВА L110 D15 C E;0;0;0;0;1;1;0;0;0;0;0;0;0;;0;0
2409777;BS-07;AQUA2;АКВА L110 D15 B E;1;1;0;0;0;0;0;0;0;0;0;0;0;;0;0
2416919;BS-10;aqua2_nvt_wa_stm;АКВА L110 D15 C E;0;0;0;0;0;0;0;0;0;0;0;0;0;;0;0
2419106;BS-08;aqua2_nvt_wa_stm;АКВА L110 D15 B E;0;0;0;0;0;0;0;0;0;0;0;0;0;;0;0
2425254;BS-09;aqua2_stm;АКВА L110 D15 C E;0;0;0;0;0;0;0;0;0;0;0;0;0;;0;0
2440580;BS-10;aqua2_stm;АКВА L110 D15 C E;0;0;1;2;0;0;0;0;0;0;0;0;0;;0;0
2441050;BS-09;aqua2_stm;АКВА L110 D15 C E;0;0;0;0;0;0;0;0;0;0;0;0;0;;0;0
2441452;BS-09;aqua2_stm;АКВА L110 D15 C E;0;0;0;0;0;0;0;0;1;183;0;0;0;;0;0
2444500;BS-06;aqua2_stm;АКВА L110 D15 C E;0;0;0;0;0;0;0;0;0;0;0;0;0;;0;0
2445255;BS-08;aqua2_nvt_wa_stm;АКВА L110 D15 C E;0;0;0;0;0;0;0;0;0;0;0;0;0;;0;0
2449940;BS-08;aqua2_nvt_wa_stm;АКВА L110 D15 C E;0;0;0;0;0;0;0;0;0;0;0;0;0;;0;0
2450482;BS-10;aqua2_nvt_wa_stm;АКВА L110 D15 C E;0;0;1;3;1;2;0;0;0;0;0;0;0;;0;0
2451671;BS-04;aqua2_nvt_wa_stm;АКВА L110 D15 C E;0;0;0;0;0;0;0;0;0;0;1;144;0;;0;0
2459634;BS-09;aqua2_stm;АКВА L110 D15 C E;0;0;0;0;0;0;0;0;1;94;0;0;0;;0;0
2459876;BS-06;aqua2_stm;АКВА L110 D15 B E;0;0;0;0;0;0;0;0;0;0;0;0;0;;0;0
2462031;BS-06;aqua2_stm;АКВА L110 D15 C E;0;0;0;0;0;0;0;0;1;124;0;0;0;;0;0
2462188;BS-01;aqua2_nvt_wa_stm;АКВА L110 D15 B E;0;0;0;0;0;0;0;0;0;0;0;0;0;;0;0
2465534;BS-04;aqua2_nvt_wa_stm;АКВА L110 D15 C E;0;0;0;0;0;0;0;0;0;0;1;39;0;;0;0
2465751;BS-03;aqua2_stm;АКВА L110 D15 C E;0;0;0;0;0;0;0;0;0;0;1;73;0;;0;0
2468181;BS-05;aqua2_nvt_wa_stm;АКВА L110 D15 C E;0;0;0;0;0;0;0;0;0;0;0;0;0;;0;0
2468722;BS-06;aqua2_stm;АКВА L110 D15 C E;0;0;0;0;0;0;0;0;0;0;1;33;0;;0;0
2473076;BS-08;aqua2_nvt_wa_stm;АКВА L110 D15 B E;0;0;0;0;0;0;0;0;0;0;1;55;0;;0;0
2476400;BS-10;AQUA2;АКВА L110 D15 C E;0;0;0;0;0;0;0;0;0;0;1;45;0;;0;0
2489611;BS-03;aqua2_stm;АКВА L110 D15 B E;0;0;0;0;0;0;0;0;0;0;0;0;0;;0;0
2489985;BS-06;aqua2_stm;АКВА L110 D15 C E;0;0;0;0;0;0;0;0;0;0;0;0;0;;0;0
2491162;BS-07;AQUA2;АКВА L110 D15 B E;1;2;1;8;1;8;1;8;1;98;0;0;0;;0;0
2493308;BS-03;aqua2_nvt_wa_stm;АКВА L110 D15 C E;0;0;1;1;1;2;0;0;1;148;0;0;0;;0;0
2499328;BS-08;aqua2_nvt_wa_stm;АКВА L110 D15 C E;0;0;0;0;0;0;0;0;0;0;0;0;0;;0;0
2504720;BS-05;AQUA2;АКВА L110 D15 C E;0;0;0;0;0;0;0;0;0;0;1;126;0;;0;0
2506505;BS-03;aqua2_stm;АКВА L110 D15 C E;0;0;0;0;0;0;0;0;0;0;0;0;0;;0;0
2512096;BS-01;aqua2_nvt_wa_stm;АКВА L110 D15 C E;0;0;0;0;0;0;0;0;0;0;1;35;0;;0;0
2519659;BS-07;AQUA2;АКВА L110 D15 B E;1;3;1;4;1;4;1;4;1;92;0;0;0;;0;0
2521806;BS-07;aqua2_nvt_wa_stm;АКВА L110 D15 B E;0;0;0;0;0;0;0;0;0;0;0;0;0;;0;0
2527623;BS-02;aqua2_stm;АКВА L110 D15 C E;0;0;0;0;0;0;0;0;0;0;0;0;0;;0;0
2528795;BS-02;aqua2_nvt_wa_stm;АКВА L130 D20 C E;0;0;0;0;0;0;0;0;0;0;0;0;0;;0;0
2533305;BS-09;aqua2_stm;АКВА L110 D15 C E;0;0;0;0;0;0;0;0;0;0;0;0;0;;0;0
2534711;BS-05;aqua2_stm;АКВА L110 D15 B E;0;0;0;0;0;0;0;0;0;0;0;0;0;;0;0
2537803;BS-05;aqua2_stm;АКВА L110 D15 B E;0;0;0;0;0;0;0;0;0;0;0;0;0;;0;0
2539133;BS-05;AQUA2;;0;0;0;0;0;0;0;0;0;0;0;0;0;;0;0
2544764;BS-06;aqua2_stm;АКВА L110 D15 C E;0;0;0;0;0;0;0;0;0;0;0;0;0;;0;0
2549972;BS-03;aqua2_stm;АКВА L110 D15 C E;0;0;0;0;0;0;0;0;0;0;1;100;0;;0;0
2552914;BS-06;aqua2_nvt_wa_stm;АКВА L110 D15 B E;0;0;0;0;0;0;0;0;0;0;0;0;0;;0;0
2554826;BS-08;aqua2_nvt_wa_stm;АКВА L110 D15 C E;0;0;0;0;0;0;0;0;0;0;0;0;1;20.309524;0;0
2560046;BS-03;aqua2_stm;АКВА L110 D15 C E;0;0;0;0;0;0;0;0;0;0;1;217;0;;0;0
2564241;BS-06;aqua2_stm;АКВА L110 D15 C E;0;0;0;0;0;0;0;0;0;0;1;76;0;;0;0
2565590;BS-01;aqua2_nvt_wa_stm;АКВА L110 D15 C E;0;0;0;0;0;0;0;0;0;0;0;0;0;;0;0
2567791;BS-01;aqua2_nvt_wa_stm;АКВА L110 D15 B E;0;0;0;0;0;0;0;0;0;0;0;0;0;;0;0
2569627;BS-07;AQUA2;АКВА L110 D15 B E;1;1;1;1;1;1;1;1;0;0;0;0;0;;0;0
2569759;BS-05;AQUA2;АКВА L110 D15 C E;0;0;0;0;1;2;0;0;1;188;0;0;0;;0;0
2575748;BS-04;aqua2_nvt_wa_stm;АКВА L110 D15 B E;0;0;0;0;0;0;0;0;0;0;1;45;0;;0;0
2576401;BS-02;aqua2_stm;АКВА L110 D15 C E;0;0;0;0;0;0;0;0;0;0;0;0;0;;0;0
2576868;BS-06;aqua2_stm;АКВА L110 D15 B E;0;0;0;0;0;0;0;0;0;0;0;0;0;;0;0
2577636;BS-01;aqua2_nvt_wa_stm;АКВА L110 D15 B E;0;0;0;0;0;0;0;0;0;0;0;0;0;;0;0
2579410;BS-07;AQUA2;АКВА L110 D15 B E;0;0;0;0;0;0;0;0;0;0;0;0;0;;0;0
2582169;BS-04;aqua2_nvt_wa_stm;АКВА L110 D15 C E;0;0;0;0;0;0;0;0;0;0;1;42;0;;0;0
2588813;BS-07;AQUA2;АКВА L110 D15 B E;0;0;0;0;0;0;0;0;0;0;0;0;0;;0;0
2588994;BS-06;aqua2_stm;АКВА L110 D15 C E;0;0;0;0;0;0;0;0;0;0;0;0;0;;0;0
2589310;BS-10;aqua2_stm;АКВА L110 D15 C E;0;0;1;45;0;0;0;0;0;0;0;0;0;;0;0
2591881;BS-08;aqua2_nvt_wa_stm;АКВА L110 D15 C E;0;0;0;0;0;0;0;0;1;187;0;0;0;;0;0
2592900;BS-10;aqua2_nvt_wa_stm;АКВА L110 D15 C E;0;0;0;0;0;0;0;0;0;0;0;0;0;;0;0
2593071;BS-10;aqua2_nvt_wa_stm;АКВА L110 D15 C E;0;0;0;0;0;0;0;0;0;0;0;0;0;;0;0
2597187;BS-01;aqua2_nvt_wa_stm;АКВА L110 D15 B E;0;0;0;0;0;0;0;0;0;0;0;0;0;;0;0
2597486;BS-09;aqua2_stm;АКВА L110 D15 B E;0;0;1;1;1;1;0;0;0;0;0;0;0;;0;0
2600736;BS-04;aqua2_nvt_wa_stm;АКВА L110 D15 C E;0;0;0;0;0;0;0;0;0;0;1;146;0;;0;0
2604129;BS-07;AQUA2;АКВА L110 D15 B E;0;0;0;0;0;0;0;0;1;209;0;0;0;;0;0
2608210;BS-07;aqua2_nvt_wa_stm;АКВА L110 D15 B E;0;0;0;0;0;0;0;0;0;0;0;0;0;;0;0
2612239;BS-05;aqua2_stm;АКВА L110 D15 C E;0;0;0;0;0;0;0;0;0;0;0;0;0;;0;0
2617670;BS-01;aqua2_stm;АКВА L110 D15 B E;0;0;0;0;0;0;0;0;0;0;0;0;0;;0;0
2619485;BS-10;aqua2_nvt_wa_stm;АКВА L110 D15 C E;0;0;0;0;0;0;0;0;0;0;1;69;0;;0;0
2622095;BS-08;aqua2_nvt_wa_stm;АКВА L110 D15 B E;0;0;0;0;0;0;0;0;0;0;1;61;0;;0;0
2623532;BS-05;aqua2_nvt_wa_stm;АКВА L110 D15 C E;0;0;0;0;0;0;0;0;0;0;0;0;0;;0;0
2625158;BS-08;aqua2_nvt_wa_stm;АКВА L110 D15 C E;0;0;0;0;0;0;0;0;0;0;0;0;0;;0;0
2626896;BS-05;aqua2_nvt_wa_stm;АКВА L110 D15 C E;0;0;0;0;0;0;0;0;0;0;0;0;0;;0;0
2628399;BS-06;aqua2_stm;АКВА L110 D15 C E;0;0;0;0;0;0;0;0;1;111;0;0;0;;0;0
2632113;BS-09;aqua2_stm;АКВА L110 D15 B E;0;0;0;0;0;0;0;0;0;0;0;0;0;;0;0
2633697;BS-07;AQUA2;АКВА L110 D15 B E;0;0;0;0;0;0;0;0;1;127;0;0;0;;0;0
2636603;BS-07;aqua2_stm;АКВА L110 D15 B E;0;0;0;0;0;0;0;0;1;96;0;0;0;;0;0
2638581;BS-04;aqua2_nvt_wa_stm;АКВА L110 D15 B E;0;0;0;0;0;0;0;0;0;0;1;44;0;;0;0
2639003;BS-04;aqua2_nvt_wa_stm;АКВА L110 D15 B E;0;0;0;0;0;0;0;0;0;0;1;61;0;;0;0
2639147;BS-02;aqua2_nvt_wa_stm;АКВА L110 D15 C E;0;0;0;0;0;0;0;0;0;0;0;0;0;;0;0
2641495;BS-09;aqua2_stm;АКВА L110 D15 C E;0;0;0;0;0;0;0;0;1;101;0;0;1;17.391304;0;0
2643416;BS-08;aqua2_nvt_wa_stm;АКВА L110 D15 B E;0;0;0;0;0;0;0;0;0;0;0;0;0;;0;0
2647530;BS-07;AQUA2;АКВА L110 D15 B E;1;2;1;1;1;1;1;1;0;0;0;0;0;;0;0
2651803;BS-02;aqua2_stm;АКВА L110 D15 C E;0;0;0;0;0;0;0;0;0;0;0;0;0;;0;0
2651835;BS-06;aqua2_stm;АКВА L110 D15 C E;0;0;0;0;0;0;0;0;0;0;0;0;0;;0;0
2655929;BS-05;AQUA2;АКВА L110 D15 C E;0;0;0;0;1;4;0;0;0;0;0;0;0;;0;0
2657774;BS-09;aqua2_stm;АКВА L110 D15 C E;0;0;1;1;1;3;0;0;0;0;0;0;0;;0;0
2659833;BS-04;aqua2_nvt_wa_stm;АКВА L110 D15 C E;0;0;0;0;0;0;0;0;0;0;1;46;0;;0;0
2660867;BS-06;aqua2_stm;АКВА L110 D15 B E;0;0;0;0;0;0;0;0;0;0;0;0;0;;0;0
2660890;BS-02;aqua2_nvt_wa_stm;АКВА L110 D15 C E;0;0;0;0;0;0;0;0;0;0;0;0;0;;0;0
2661788;BS-07;AQUA2;АКВА L110 D15 B E;0;0;0;0;0;0;0;0;0;0;0;0;0;;0;0
2662859;BS-10;aqua2_nvt_wa_stm;АКВА L110 D15 C E;0;0;0;0;0;0;0;0;0;0;1;48;0;;0;0
2665800;BS-07;AQUA2;АКВА L110 D15 B E;1;1;1;13;1;1;1;1;0;0;0;0;0;;0;0
2666699;BS-09;aqua2_stm;АКВА L110 D15 B E;1;1;0;0;0;0;0;0;0;0;0;0;0;;0;0
2666792;BS-01;aqua2_nvt_wa_stm;АКВА L110 D15 C E;0;0;0;0;0;0;0;0;0;0;0;0;0;;0;0
2668212;BS-01;aqua2_nvt_wa_stm;АКВА L110 D15 B E;0;0;0;0;0;0;0;0;0;0;0;0;0;;0;0
2671594;BS-07;AQUA2;АКВА L110 D15 B E;0;0;0;0;0;0;0;0;0;0;0;0;0;;0;0
2674750;BS-07;aqua2_nvt_wa_stm;АКВА L110 D15 B E;0;0;0;0;0;0;0;0;0;0;0;0;0;;0;0
2675304;BS-10;aqua2_stm;АКВА L110 D15 C E;0;0;0;0;0;0;0;0;0;0;0;0;0;;0;0
2680298;BS-09;aqua2_stm;АКВА L110 D15 C E;0;0;0;0;0;0;0;0;0;0;0;0;1;5.764706;0;0
2681449;BS-05;AQUA2;АКВА L110 D15 B E;0;0;0;0;0;0;0;0;0;0;0;0;0;;0;0
2681522;BS-04;aqua2_nvt_wa_stm;АКВА L110 D15 B E;0;0;0;0;0;0;0;0;0;0;1;34;0;;0;0
2693608;BS-08;aqua2_nvt_wa_stm;АКВА L110 D15 C E;0;0;0;0;0;0;0;0;0;0;0;0;0;;0;0
2696002;BS-01;aqua2_nvt_wa_stm;АКВА L110 D15 B E;0;0;0;0;0;0;0;0;0;0;0;0;0;;0;0
2698953;BS-08;aqua2_nvt_wa_stm;АКВА L110 D15 C E;0;0;0;0;0;0;0;0;0;0;1;83;0;;0;0
2704749;BS-10;aqua2_nvt_wa_stm;АКВА L110 D15 C E;0;0;1;1;0;0;0;0;0;0;0;0;0;;0;0
2707472;BS-10;aqua2_nvt_wa_stm;АКВА L110 D15 C E;0;0;0;0;0;0;0;0;0;0;1;46;0;;0;0
2709217;BS-04;aqua2_nvt_wa_stm;АКВА L110 D15 C E;1;1;0;0;0;0;0;0;0;0;1;149;0;;0;0
2710925;BS-10;aqua2_nvt_wa_stm;АКВА L110 D15 C E;0;0;0;0;0;0;0;0;0;0;0;0;0;;0;0
2726137;BS-01;aqua2_nvt_wa_stm;АКВА L110 D15 B E;0;0;0;0;0;0;0;0;0;0;1;47;0;;0;0
2726923;BS-04;aqua2_nvt_wa_stm;АКВА L110 D15 C E;0;0;0;0;0;0;0;0;0;0;1;58;0;;0;0
2728047;BS-05;aqua2_stm;АКВА L110 D15 B E;0;0;0;0;0;0;0;0;0;0;0;0;0;;0;0
2728517;BS-02;aqua2_nvt_wa_stm;АКВА L110 D15 C E;0;0;0;0;0;0;0;0;0;0;0;0;0;;0;0
2729604;BS-07;aqua2_stm;АКВА L110 D15 B E;0;0;0;0;0;0;0;0;1;228;0;0;0;;0;0
2735490;BS-09;aqua2_stm;АКВА L110 D15 B E;1;3;0;0;0;0;0;0;1;122;0;0;0;;0;0
2737371;BS-09;aqua2_stm;АКВА L110 D15 C E;0;0;0;0;0;0;0;0;0;0;1;56;0;;0;0
2738536;BS-02;aqua2_nvt_wa_stm;АКВА L110 D15 B E;0;0;0;0;0;0;0;0;0;0;0;0;0;;0;0
2745000;BS-07;AQUA2;АКВА L110 D15 B E;0;0;0;0;0;0;0;0;0;0;0;0;0;;0;0
2747160;BS-05;aqua2_nvt_wa_stm;АКВА L110 D15 C E;0;0;0;0;0;0;0;0;0;0;0;0;0;;0;0
2750439;BS-05;aqua2_stm;АКВА L110 D15 B E;0;0;0;0;0;0;0;0;0;0;0;0;0;;0;0
2761224;BS-01;aqua2_nvt_wa_stm;АКВА L110 D15 C E;0;0;0;0;0;0;0;0;0;0;0;0;0;;0;0
2769654;BS-03;aqua2_nvt_wa_stm;АКВА L110 D15 B E;0;0;0;0;0;0;0;0;0;0;1;31;0;;0;0
2771736;BS-03;aqua2_stm;АКВА L110 D15 B E;0;0;0;0;0;0;0;0;1;132;0;0;0;;0;0
2781589;BS-04;aqua2_nvt_wa_stm;АКВА L110 D15 C E;0;0;0;0;0;0;0;0;0;0;0;0;0;;0;0
2782371;BS-02;aqua2_nvt_wa_stm;АКВА L110 D15 C E;0;0;0;0;0;0;0;0;0;0;0;0;0;;0;0
2784531;BS-01;aqua2_nvt_wa_stm;АКВА L110 D15 C E;0;0;0;0;0;0;0;0;0;0;0;0;0;;0;0
2789352;BS-02;aqua2_stm;АКВА L110 D15 C E;0;0;1;1;0;0;0;0;0;0;0;0;0;;0;0
2789723;BS-09;aqua2_stm;АКВА L110 D15 B E;0;0;0;0;0;0;0;0;0;0;0;0;0;;0;0
2793118;BS-07;AQUA2;АКВА L110 D15 B E;0;0;0;0;0;0;0;0;0;0;0;0;0;;0;0
2794536;BS-03;aqua2_nvt_wa_stm;АКВА L110 D15 C E;0;0;0;0;0;0;0;0;0;0;0;0;0;;0;0
2796252;BS-10;aqua2_nvt_wa_stm;АКВА L110 D15 C E;0;0;0;0;0;0;0;0;0;0;1;52;0;;0;0
2802442;BS-02;aqua2_nvt_wa_stm;АКВА L110 D15 C E;0;0;0;0;0;0;0;0;0;0;0;0;0;;0;0
2803951;BS-10;aqua2_stm;АКВА L110 D15 C E;0;0;1;33;0;0;0;0;0;0;0;0;0;;0;0
2807153;BS-09;aqua2_stm;АКВА L110 D15 C E;0;0;0;0;0;0;0;0;1;149;0;0;0;;0;0
2810025;BS-05;aqua2_stm;АКВА L110 D15 B E;0;0;0;0;0;0;0;0;0;0;0;0;0;;0;0
2818086;BS-10;aqua2_nvt_wa_stm;АКВА L110 D15 C E;0;0;0;0;0;0;0;0;0;0;0;0;0;;0;0
2821835;BS-09;aqua2_stm;АКВА L110 D15 C E;0;0;0;0;1;1;0;0;0;0;0;0;0;;0;0
2827374;BS-02;aqua2_nvt_wa_stm;АКВА L110 D15 B E;0;0;0;0;0;0;0;0;0;0;0;0;0;;0;0
2828621;BS-05;aqua2_nvt_wa_stm;АКВА L110 D15 C E;0;0;0;0;0;0;0;0;0;0;0;0;0;;0;0
2832359;BS-07;AQUA2;АКВА L110 D15 B E;0;0;0;0;0;0;0;0;0;0;0;0;0;;0;0
2834311;BS-02;aqua2_stm;АКВА L110 D15 B E;0;0;0;0;0;0;0;0;0;0;0;0;0;;0;0
2836762;BS-02;aqua2_nvt_wa_stm;АКВА L110 D15 B E;0;0;0;0;0;0;0;0;0;0;0;0;0;;0;0
2836989;BS-06;aqua2_stm;АКВА L110 D15 C E;0;0;1;3;1;1;0;0;1;100;0;0;1;4.341586;0;0
2839162;BS-09;aqua2_stm;АКВА L110 D15 C E;0;0;0;0;0;0;0;0;1;123;0;0;0;;0;0
2846910;BS-07;aqua2_nvt_wa_stm;АКВА L110 D15 B E;0;0;0;0;0;0;0;0;0;0;0;0;0;;0;0
2852160;BS-08;aqua2_nvt_wa_stm;АКВА L110 D15 C E;0;0;0;0;0;0;0;0;0;0;0;0;0;;0;0
2853700;BS-05;aqua2_nvt_wa_stm;АКВА L110 D15 C E;0;0;0;0;0;0;0;0;0;0;1;44;0;;0;0
2858379;BS-09;aqua2_stm;АКВА L110 D15 C E;0;0;0;0;0;0;0;0;0;0;1;43;0;;0;0
2859628;BS-07;AQUA2;АКВА L110 D15 B E;1;2;1;6;1;9;1;6;1;108;0;0;0;;0;0
2861772;BS-10;aqua2_nvt_wa_stm;АКВА L110 D15 C E;0;0;0;0;0;0;0;0;0;0;0;0;0;;0;0
2863623;BS-01;aqua2_nvt_wa_stm;АКВА L110 D15 C E;0;0;0;0;0;0;0;0;0;0;0;0;0;;0;0
2876446;BS-07;aqua2_stm;АКВА L110 D15 B E;0;0;0;0;0;0;0;0;0;0;1;120;0;;0;0
2879682;BS-10;aqua2_nvt_wa_stm;АКВА L110 D15 C E;0;0;0;0;0;0;0;0;0;0;1;36;0;;0;0
2881231;BS-09;aqua2_stm;АКВА L110 D15 C E;0;0;0;0;0;0;0;0;0;0;1;39;0;;0;0
2881569;BS-07;AQUA2;АКВА L110 D15 B E;0;0;0;0;0;0;0;0;0;0;0;0;0;;0;0
2881660;BS-06;aqua2_nvt_wa_stm;АКВА L110 D15 C E;0;0;0;0;0;0;0;0;0;0;0;0;0;;0;0
2883740;BS-05;AQUA2;АКВА L110 D15 C E;0;0;0;0;0;0;0;0;0;0;1;85;0;;0;0
2888135;BS-06;aqua2_stm;АКВА L110 D15 B E;0;0;0;0;0;0;0;0;0;0;0;0;0;;0;0
2889252;BS-05;aqua2_nvt_wa_stm;АКВА L110 D15 C E;0;0;0;0;0;0;0;0;0;0;1;61;0;;0;0
2892601;BS-07;AQUA2;АКВА L110 D15 B E;0;0;0;0;0;0;0;0;0;0;0;0;0;;0;0
2895863;BS-04;aqua2_nvt_wa_stm;АКВА L110 D15 B E;0;0;0;0;0;0;0;0;0;0;0;0;0;;0;0
2896297;BS-10;aqua2_nvt_wa_stm;АКВА L110 D15 C E;0;0;0;0;0;0;0;0;0;0;0;0;0;;0;0
2901449;BS-02;aqua2_nvt_wa_stm;АКВА L110 D15 B E;0;0;0;0;0;0;0;0;0;0;0;0;0;;0;0
2904146;BS-04;aqua2_nvt_wa_stm;АКВА L110 D15 B E;0;0;0;0;0;0;0;0;0;0;1;77;0;;0;0
2908126;BS-07;aqua2_stm;АКВА L110 D15 B E;0;0;0;0;0;0;0;0;0;0;0;0;0;;0;0
2909885;BS-03;aqua2_stm;АКВА L110 D15 B E;0;0;0;0;0;0;0;0;0;0;1;105;0;;0;0
2915234;BS-07;AQUA2;АКВА L110 D15 B E;0;0;0;0;0;0;0;0;0;0;0;0;0;;0;0
2915837;BS-06;aqua2_stm;АКВА L110 D15 B E;0;0;0;0;0;0;0;0;0;0;0;0;0;;0;0
2916261;BS-04;aqua2_nvt_wa_stm;АКВА L110 D15 B E;0;0;0;0;0;0;0;0;0;0;0;0;0;;0;0
2916763;BS-07;aqua2_stm;АКВА L110 D15 B E;0;0;0;0;0;0;0;0;0;0;0;0;0;;0;0
2917314;BS-08;aqua2_nvt_wa_stm;АКВА L110 D15 C E;0;0;0;0;0;0;0;0;0;0;1;120;0;;0;0
2919132;BS-05;aqua2_nvt_wa_stm;АКВА L110 D15 C E;0;0;0;0;0;0;0;0;0;0;0;0;0;;0;0
2919872;BS-03;aqua2_nvt_wa_stm;АКВА L110 D15 C E;0;0;0;0;0;0;0;0;0;0;0;0;0;;0;0
2924723;BS-04;aqua2_nvt_wa_stm;АКВА L110 D15 C E;0;0;0;0;0;0;0;0;0;0;0;0;0;;0;0
2927685;BS-03;AQUA2;АКВА L110 D15 B E;0;0;0;0;0;0;0;0;0;0;0;0;0;;0;0
2927760;BS-06;aqua2_stm;АКВА L110 D15 B E;0;0;0;0;0;0;0;0;0;0;0;0;0;;0;0
2927877;BS-09;aqua2_stm;АКВА L110 D15 C E;0;0;0;0;0;0;0;0;0;0;0;0;0;;0;0
2928808;BS-01;aqua2_stm;АКВА L110 D15 C E;0;0;0;0;0;0;0;0;0;0;0;0;0;;0;0
2931056;BS-09;aqua2_stm;АКВА L110 D15 C E;0;0;0;0;0;0;0;0;1;364;0;0;0;;0;0
2935735;BS-01;aqua2_nvt_wa_stm;АКВА L110 D15 C E;0;0;0;0;0;0;0;0;0;0;0;0;0;;0;0
2936907;BS-01;aqua2_nvt_wa_stm;АКВА L110 D15 B E;0;0;0;0;0;0;0;0;0;0;0;0;1;13.533333;0;0
2938032;BS-06;aqua2_stm;АКВА L110 D15 B E;0;0;0;0;0;0;0;0;0;0;0;0;0;;0;0
2938263;BS-06;aqua2_nvt_wa_stm;АКВА L110 D15 B E;0;0;0;0;0;0;0;0;1;94;0;0;1;5.85;0;0
2939299;BS-02;aqua2_stm;АКВА L110 D15 B E;0;0;0;0;0;0;0;0;0;0;0;0;0;;0;0
2942003;BS-06;aqua2_stm;АКВА L110 D15 C E;0;0;0;0;0;0;0;0;0;0;0;0;1;4.136675;0;0
2945102;BS-04;aqua2_nvt_wa_stm;АКВА L110 D15 B E;0;0;0;0;0;0;0;0;0;0;1;36;0;;0;0
2945305;BS-06;aqua2_stm;АКВА L110 D15 B E;0;0;0;0;0;0;0;0;0;0;0;0;0;;0;0
2947060;BS-10;aqua2_nvt_wa_stm;АКВА L110 D15 C E;0;0;0;0;0;0;0;0;0;0;0;0;0;;0;0
2947672;BS-04;aqua2_nvt_wa_stm;АКВА L110 D15 C E;0;0;0;0;0;0;0;0;0;0;0;0;0;;0;0
2957964;BS-06;aqua2_stm;АКВА L110 D15 B E;0;0;0;0;0;0;0;0;0;0;0;0;0;;0;0
2961753;BS-03;aqua2_nvt_wa_stm;АКВА L110 D15 C E;0;0;0;0;1;2;0;0;0;0;0;0;1;3.526882;0;0
2962679;BS-06;aqua2_stm;АКВА L110 D15 C E;0;0;1;2;1;14;0;0;0;0;0;0;0;;0;0
2967750;BS-01;aqua2_nvt_wa_stm;АКВА L110 D15 C E;0;0;0;0;0;0;0;0;0;0;0;0;0;;0;0
2968896;BS-09;aqua2_stm;АКВА L110 D15 C E;0;0;0;0;1;4;0;0;0;0;0;0;0;;0;0
2976229;BS-06;aqua2_stm;АКВА L110 D15 B E;0;0;0;0;1;6;0;0;0;0;0;0;1;3.413043;0;0
2976460;BS-01;aqua2_nvt_wa_stm;АКВА L110 D15 B E;0;0;0;0;0;0;0;0;0;0;0;0;0;;0;0
2977016;BS-05;aqua2_nvt_wa_stm;АКВА L110 D15 C E;0;0;0;0;0;0;0;0;0;0;1;54;0;;0;0
2979722;BS-09;aqua2_stm;АКВА L110 D15 C E;0;0;1;1;1;1;0;0;1;180;0;0;1;3.873832;0;0
2981992;BS-03;aqua2_stm;АКВА L110 D15 B E;0;0;0;0;0;0;0;0;0;0;0;0;0;;0;0
2983464;BS-07;AQUA2;АКВА L110 D15 B E;1;1;1;1;1;1;1;1;0;0;0;0;0;;0;0
2988291;BS-10;aqua2_nvt_wa_stm;АКВА L110 D15 C E;0;0;1;4;1;4;0;0;0;0;0;0;0;;0;0
2989254;BS-08;aqua2_nvt_wa_stm;АКВА L110 D15 C E;0;0;0;0;0;0;0;0;0;0;1;105;0;;0;0
2990242;BS-06;aqua2_nvt_wa_stm;АКВА L110 D15 C E;0;0;0;0;0;0;0;0;0;0;0;0;0;;0;0
2992596;BS-09;aqua2_stm;АКВА L110 D15 C E;0;0;0;0;0;0;0;0;0;0;0;0;0;;0;0
2994514;BS-05;aqua2_nvt_wa_stm;АКВА L110 D15 C E;0;0;0;0;0;0;0;0;0;0;1;59;0;;0;0
2998185;BS-07;aqua2_nvt_wa_stm;АКВА L110 D15 B E;0;0;0;0;0;0;0;0;0;0;0;0;0;;0;0
3002757;BS-04;aqua2_nvt_wa_stm;АКВА L110 D15 B E;0;0;0;0;0;0;0;0;0;0;1;38;0;;0;0
3005343;BS-06;aqua2_stm;АКВА L110 D15 C E;0;0;0;0;0;0;0;0;0;0;0;0;0;;0;0
3007647;BS-08;aqua2_nvt_wa_stm;АКВА L110 D15 C E;0;0;0;0;0;0;0;0;0;0;0;0;0;;0;0
3008210;BS-09;aqua2_stm;АКВА L110 D15 C E;0;0;0;0;0;0;0;0;0;0;1;49;0;;0;0
3009582;BS-07;AQUA2;АКВА L110 D15 B E;0;0;0;0;0;0;0;0;0;0;0;0;0;;0;0
3010258;BS-02;aqua2_stm;АКВА L110 D15 C E;0;0;0;0;0;0;0;0;0;0;0;0;0;;0;0
3013075;BS-08;aqua2_nvt_wa_stm;АКВА L110 D15 C E;0;0;0;0;0;0;0;0;0;0;0;0;0;;0;0
3014521;BS-04;aqua2_nvt_wa_stm;АКВА L110 D15 C E;0;0;0;0;0;0;0;0;0;0;1;122;0;;0;0
3014556;BS-05;aqua2_nvt_wa_stm;АКВА L110 D15 C E;0;0;0;0;0;0;0;0;0;0;0;0;0;;0;0
3015954;BS-08;aqua2_nvt_wa_stm;АКВА L110 D15 C E;0;0;0;0;0;0;0;0;0;0;0;0;0;;0;0
3017100;BS-08;aqua2_nvt_wa_stm;АКВА L110 D15 C E;0;0;0;0;0;0;0;0;0;0;0;0;0;;0;0
3018911;BS-04;aqua2_nvt_wa_stm;АКВА L110 D15 B E;0;0;0;0;0;0;0;0;0;0;1;67;0;;0;0
3019249;BS-10;aqua2_nvt_wa_stm;АКВА L110 D15 C E;0;0;0;0;0;0;0;0;0;0;0;0;0;;0;0
3025088;BS-03;aqua2_stm;АКВА L110 D15 C E;0;0;0;0;0;0;0;0;0;0;1;251;0;;0;0
3025270;BS-08;aqua2_nvt_wa_stm;АКВА L110 D15 C E;0;0;0;0;1;1;0;0;0;0;0;0;0;;0;0
3027526;BS-10;aqua2_nvt_wa_stm;АКВА L110 D15 C E;0;0;1;1;1;1;0;0;0;0;0;0;0;;0;0
3028754;BS-09;aqua2_stm;АКВА L110 D15 C E;0;0;0;0;0;0;0;0;1;117;0;0;1;6.655738;0;0
3030799;BS-01;aqua2_nvt_wa_stm;АКВА L110 D15 C E;0;0;0;0;1;3;0;0;0;0;0;0;0;;0;0
3035403;BS-07;AQUA2;АКВА L110 D15 B E;0;0;0;0;0;0;0;0;0;0;0;0;0;;0;0
3036541;BS-07;aqua2_stm;АКВА L110 D15 B E;0;0;1;43;1;72;0;0;0;0;0;0;0;;0;0
3038243;BS-04;aqua2_nvt_wa_stm;АКВА L110 D15 B E;0;0;0;0;0;0;0;0;0;0;1;70;0;;0;0
3041830;BS-02;aqua2_nvt_wa_stm;АКВА L110 D15 C E;0;0;0;0;0;0;0;0;0;0;0;0;0;;0;0
3043058;BS-08;aqua2_nvt_wa_stm;АКВА L110 D15 C E;0;0;0;0;0;0;0;0;0;0;0;0;0;;0;0
3046951;BS-04;aqua2_nvt_wa_stm;АКВА L110 D15 B E;0;0;0;0;0;0;0;0;0;0;1;32;0;;0;0
3047205;BS-01;aqua2_nvt_wa_stm;АКВА L110 D15 C E;0;0;0;0;0;0;0;0;0;0;0;0;0;;0;0
3047285;BS-09;aqua2_stm;АКВА L110 D15 C E;0;0;0;0;0;0;0;0;0;0;0;0;0;;0;0
3049704;BS-05;aqua2_nvt_wa_stm;АКВА L110 D15 C E;0;0;0;0;0;0;0;0;0;0;1;37;0;;0;0
3051670;BS-02;aqua2_nvt_wa_stm;АКВА L110 D15 C E;0;0;0;0;0;0;0;0;0;0;0;0;0;;0;0
3052281;BS-08;aqua2_nvt_wa_stm;АКВА L110 D15 C E;0;0;0;0;0;0;0;0;0;0;0;0;0;;0;0
3055151;BS-06;aqua2_stm;АКВА L110 D15 B E;0;0;0;0;0;0;0;0;0;0;0;0;0;;0;0
3056096;BS-05;aqua2_nvt_wa_stm;АКВА L110 D15 C E;0;0;0;0;0;0;0;0;0;0;0;0;0;;0;0
3059428;BS-07;aqua2_stm;АКВА L110 D15 B E;0;0;0;0;0;0;0;0;0;0;1;121;1;10.689194;0;0
3060168;BS-04;aqua2_nvt_wa_stm;АКВА L110 D15 B E;0;0;0;0;0;0;0;0;0;0;1;56;0;;0;0
3061801;BS-03;aqua2_stm;АКВА L110 D15 C E;0;0;1;1;1;2;0;0;0;0;0;0;0;;0;0
3070565;BS-09;aqua2_stm;АКВА L110 D15 C E;0;0;0;0;1;1;0;0;0;0;0;0;0;;0;0
3070748;BS-04;aqua2_nvt_wa_stm;АКВА L110 D15 C E;0;0;0;0;0;0;0;0;0;0;1;56;0;;0;0
3077004;BS-01;aqua2_nvt_wa_stm;АКВА L110 D15 C E;0;0;1;1;1;5;0;0;0;0;0;0;0;;0;0
3077302;BS-08;aqua2_nvt_wa_stm;АКВА L110 D15 C E;0;0;0;0;0;0;0;0;0;0;0;0;0;;0;0
3083113;BS-08;aqua2_nvt_wa_stm;АКВА L110 D15 C E;0;0;0;0;1;3;0;0;0;0;1;38;1;9.632353;0;0
3084482;BS-08;aqua2_nvt_wa_stm;АКВА L110 D15 C E;0;0;0;0;0;0;0;0;1;102;0;0;0;;0;0
3107251;BS-08;aqua2_nvt_wa_stm;АКВА L110 D15 C E;0;0;0;0;0;0;0;0;0;0;1;103;0;;0;0
3110941;BS-05;aqua2_stm;АКВА L110 D15 B E;0;0;0;0;0;0;0;0;1;146;0;0;0;;0;0
3121819;BS-05;aqua2_stm;АКВА L110 D15 C E;0;0;0;0;0;0;0;0;1;91;0;0;0;;0;0
3121844;BS-07;aqua2_stm;АКВА L110 D15 B E;0;0;0;0;0;0;0;0;1;107;1;47;0;;0;0
3124511;BS-10;aqua2_nvt_wa_stm;АКВА L110 D15 C E;0;0;0;0;0;0;0;0;0;0;0;0;0;;0;0
3130175;BS-07;aqua2_nvt_wa_stm;АКВА L110 D15 B E;0;0;0;0;0;0;0;0;0;0;0;0;0;;0;0
3133082;BS-02;aqua2_nvt_wa_stm;АКВА L110 D15 C E;0;0;0;0;0;0;0;0;0;0;0;0;0;;0;0
3134124;BS-04;aqua2_nvt_wa_stm;АКВА L110 D15 B E;0;0;0;0;0;0;0;0;0;0;1;71;0;;0;0
3136750;BS-01;aqua2_stm;АКВА L110 D15 C E;0;0;0;0;0;0;0;0;0;0;0;0;0;;0;0
3143136;BS-05;aqua2_nvt_wa_stm;АКВА L110 D15 C E;0;0;0;0;0;0;0;0;0;0;0;0;0;;0;0
3147640;BS-02;aqua2_stm;АКВА L110 D15 C E;0;0;0;0;0;0;0;0;0;0;0;0;0;;0;0
3147848;BS-06;aqua2_stm;АКВА L110 D15 B E;0;0;0;0;0;0;0;0;0;0;0;0;0;;0;0
3150281;BS-02;aqua2_nvt_wa_stm;АКВА L110 D15 C E;0;0;0;0;0;0;0;0;0;0;0;0;0;;0;0
3154352;BS-10;aqua2_nvt_wa_stm;АКВА L110 D15 C E;0;0;0;0;0;0;0;0;0;0;1;45;0;;0;0
3158040;BS-08;aqua2_nvt_wa_stm;АКВА L110 D15 C E;0;0;0;0;0;0;0;0;0;0;0;0;0;;0;0
3158674;BS-06;aqua2_stm;АКВА L110 D15 C E;0;0;0;0;0;0;0;0;0;0;0;0;0;;0;0
3160307;BS-05;aqua2_nvt_wa_stm;АКВА L110 D15 C E;0;0;0;0;0;0;0;0;0;0;1;63;0;;0;0
3161059;BS-10;aqua2_nvt_wa_stm;АКВА L110 D15 C E;0;0;1;35;0;0;0;0;0;0;0;0;0;;0;0
3161938;BS-09;aqua2_stm;АКВА L110 D15 C E;0;0;0;0;1;3;0;0;1;125;0;0;1;6.349526;0;0
3163716;BS-01;aqua2_nvt_wa_stm;АКВА L110 D15 B E;0;0;0;0;1;1;0;0;0;0;0;0;0;;0;0
3167856;BS-03;aqua2_stm;АКВА L110 D15 B E;0;0;0;0;0;0;0;0;0;0;0;0;0;;0;0
3168858;BS-10;aqua2_nvt_wa_stm;АКВА L110 D15 C E;0;0;0;0;0;0;0;0;0;0;1;43;0;;0;0
3179961;BS-02;aqua2_nvt_wa_stm;АКВА L110 D15 B E;0;0;0;0;0;0;0;0;0;0;0;0;0;;0;0
3190895;BS-07;AQUA2;АКВА L110 D15 B E;0;0;0;0;1;51;0;0;1;146;0;0;1;3.818182;0;0
3192215;BS-05;aqua2_nvt_wa_stm;АКВА L110 D15 C E;0;0;0;0;0;0;0;0;0;0;0;0;0;;0;0
3193845;BS-03;aqua2_nvt_wa_stm;АКВА L110 D15 C E;0;0;0;0;0;0;0;0;0;0;0;0;0;;0;0
3196579;BS-08;aqua2_nvt_wa_stm;АКВА L110 D15 B E;0;0;0;0;0;0;0;0;0;0;1;30;0;;0;0
3199070;BS-03;aqua2_stm;АКВА L110 D15 C E;0;0;1;3;1;10;0;0;0;0;1;32;0;;0;0
3199577;BS-09;aqua2_stm;АКВА L110 D15 C E;0;0;0;0;0;0;0;0;1;274;0;0;1;18.757576;0;0
3203409;BS-02;aqua2_nvt_wa_stm;АКВА L110 D15 C E;0;0;0;0;0;0;0;0;0;0;0;0;0;;0;0
3214631;BS-02;aqua2_stm;АКВА L110 D15 C E;0;0;0;0;0;0;0;0;0;0;0;0;1;14.984222;0;0
3215604;BS-01;aqua2_nvt_wa_stm;АКВА L110 D15 C E;0;0;0;0;0;0;0;0;0;0;0;0;0;;0;0
3215934;BS-02;aqua2_nvt_wa_stm;АКВА L110 D15 C E;0;0;0;0;0;0;0;0;0;0;0;0;0;;0;0
3216456;BS-09;aqua2_stm;АКВА L110 D15 C E;0;0;1;1;0;0;0;0;0;0;0;0;0;;0;0
3218298;BS-03;aqua2_stm;АКВА L110 D15 B E;0;0;0;0;0;0;0;0;1;135;0;0;0;;0;0
3221168;BS-09;aqua2_stm;АКВА L110 D15 C E;0;0;0;0;0;0;0;0;0;0;0;0;0;;0;0
3224169;BS-09;aqua2_stm;АКВА L110 D15 C E;0;0;0;0;0;0;0;0;0;0;0;0;0;;0;0
3224737;BS-08;aqua2_nvt_wa_stm;АКВА L110 D15 C E;0;0;0;0;0;0;0;0;0;0;1;42;0;;0;0
3227665;BS-05;aqua2_nvt_wa_stm;АКВА L110 D15 C E;0;0;0;0;0;0;0;0;0;0;0;0;0;;0;0
3228151;BS-04;aqua2_nvt_wa_stm;АКВА L110 D15 B E;1;3;0;0;0;0;0;0;0;0;1;158;0;;0;0
3230581;BS-07;aqua2_nvt_wa_stm;АКВА L110 D15 B E;0;0;0;0;0;0;0;0;0;0;0;0;0;;0;0
3234158;BS-03;AQUA2;АКВА L110 D15 B E;0;0;1;1;1;1;0;0;1;110;0;0;0;;0;0
3236144;BS-01;aqua2_nvt_wa_stm;АКВА L110 D15 B E;0;0;0;0;1;1;0;0;0;0;1;57;1;8.017544;0;0
3239189;BS-08;aqua2_nvt_wa_stm;АКВА L110 D15 C E;0;0;0;0;0;0;0;0;0;0;0;0;0;;0;0
3239572;BS-02;aqua2_stm;АКВА L110 D15 C E;0;0;0;0;0;0;0;0;0;0;0;0;0;;0;0
3240435;BS-05;AQUA2;;1;1;1;2;1;2;1;2;1;182;0;0;1;3.789474;0;0
3242554;BS-06;aqua2_stm;АКВА L110 D15 B E;0;0;0;0;0;0;0;0;0;0;0;0;0;;0;0
3245496;BS-08;aqua2_nvt_wa_stm;АКВА L110 D15 C E;0;0;0;0;0;0;0;0;1;95;0;0;1;7.166667;0;0
3247347;BS-09;aqua2_stm;АКВА L110 D15 B E;0;0;0;0;0;0;0;0;0;0;0;0;0;;0;0
3248152;BS-03;aqua2_nvt_wa_stm;АКВА L110 D15 C E;0;0;0;0;0;0;0;0;0;0;1;76;0;;0;0
3256414;BS-07;AQUA2;АКВА L110 D15 B E;0;0;0;0;0;0;0;0;0;0;0;0;0;;0;0
3259237;BS-01;aqua2_stm;АКВА L110 D15 B E;0;0;0;0;0;0;0;0;0;0;0;0;0;;0;0
3263226;BS-09;aqua2_stm;АКВА L110 D15 C E;0;0;0;0;0;0;0;0;1;92;0;0;1;5.361111;0;0
3270524;BS-10;aqua2_nvt_wa_stm;АКВА L110 D15 C E;0;0;0;0;0;0;0;0;0;0;0;0;0;;0;0
3272194;BS-08;aqua2_nvt_wa_stm;АКВА L110 D15 C E;0;0;0;0;0;0;0;0;0;0;0;0;0;;0;0
3272679;BS-03;AQUA2;АКВА L110 D15 B E;0;0;0;0;0;0;0;0;0;0;0;0;0;;0;0
3274320;BS-07;AQUA2;АКВА L110 D15 B E;0;0;0;0;0;0;0;0;0;0;0;0;0;;0;0
3281821;BS-05;AQUA2;АКВА L110 D15 C E;1;2;1;5;1;5;1;5;0;0;0;0;0;;0;0
3282719;BS-02;aqua2_stm;АКВА L110 D15 B E;0;0;0;0;0;0;0;0;0;0;0;0;0;;0;0
3283676;BS-06;aqua2_nvt_wa_stm;АКВА L110 D15 C E;0;0;0;0;0;0;0;0;0;0;0;0;0;;0;0
3287558;BS-03;aqua2_stm;АКВА L110 D15 B E;0;0;0;0;0;0;0;0;0;0;0;0;0;;0;0
3289699;BS-08;aqua2_nvt_wa_stm;АКВА L110 D15 C E;0;0;0;0;0;0;0;0;0;0;0;0;0;;0;0
3290491;BS-07;aqua2_stm;АКВА L110 D15 B E;0;0;1;63;0;0;0;0;0;0;0;0;0;;0;0
3295569;BS-01;aqua2_nvt_wa_stm;АКВА L110 D15 B E;0;0;0;0;0;0;0;0;0;0;0;0;0;;0;0
3298048;BS-08;aqua2_nvt_wa_stm;АКВА L110 D15 C E;0;0;0;0;0;0;0;0;1;104;0;0;0;;0;0
3301069;BS-08;aqua2_nvt_wa_stm;АКВА L110 D15 C E;0;0;0;0;0;0;0;0;0;0;1;104;0;;0;0
3301128;BS-02;aqua2_nvt_wa_stm;АКВА L110 D15 C E;0;0;0;0;0;0;0;0;0;0;0;0;0;;0;0
3303827;BS-02;aqua2_nvt_wa_stm;АКВА L110 D15 C E;0;0;0;0;0;0;0;0;0;0;0;0;0;;0;0
3304720;BS-02;aqua2_nvt_wa_stm;АКВА L110 D15 C E;0;0;0;0;0;0;0;0;0;0;0;0;0;;0;0
3310507;BS-05;aqua2_nvt_wa_stm;АКВА L110 D15 C E;0;0;0;0;0;0;0;0;0;0;0;0;0;;0;0
3315941;BS-10;aqua2_stm;АКВА L130 D20 C E;0;0;0;0;1;1;0;0;0;0;0;0;0;;0;0
3317770;BS-08;aqua2_nvt_wa_stm;АКВА L110 D15 C E;0;0;0;0;0;0;0;0;0;0;0;0;0;;0;0
3324922;BS-03;aqua2_nvt_wa_stm;АКВА L110 D15 C E;0;0;0;0;0;0;0;0;0;0;0;0;0;;0;0
3327828;BS-02;aqua2_nvt_wa_stm;АКВА L110 D15 B E;0;0;0;0;0;0;0;0;0;0;0;0;0;;0;0
3330291;BS-03;aqua2_nvt_wa_stm;АКВА L110 D15 B E;0;0;0;0;1;1;0;0;0;0;0;0;0;;0;0
3331304;BS-07;AQUA2;;0;0;0;0;0;0;0;0;0;0;0;0;0;;0;0
3332300;BS-05;AQUA2;АКВА L110 D15 C E;1;1;1;2;1;2;1;2;0;0;0;0;0;;0;0
3339838;BS-02;aqua2_nvt_wa_stm;АКВА L110 D15 C E;0;0;0;0;0;0;0;0;0;0;0;0;0;;0;0
3340456;BS-04;aqua2_nvt_wa_stm;АКВА L110 D15 C E;0;0;0;0;0;0;0;0;0;0;1;88;0;;0;0
3341779;BS-05;AQUA2;АКВА L110 D15 C E;0;0;0;0;0;0;0;0;0;0;0;0;0;;0;0
3342062;BS-01;aqua2_nvt_wa_stm;АКВА L110 D15 C E;0;0;0;0;0;0;0;0;0;0;0;0;0;;0;0
3343211;BS-03;aqua2_nvt_wa_stm;АКВА L110 D15 C E;0;0;0;0;0;0;0;0;0;0;1;247;0;;0;0
3343231;BS-09;aqua2_stm;АКВА L110 D15 B E;0;0;0;0;0;0;0;0;0;0;0;0;0;;0;0
3344533;BS-08;aqua2_nvt_wa_stm;АКВА L110 D15 C E;0;0;0;0;0;0;0;0;0;0;1;39;0;;0;0
3344697;BS-01;aqua2_stm;АКВА L110 D15 B E;0;0;0;0;0;0;0;0;0;0;0;0;0;;1;0
3345058;BS-08;aqua2_stm;АКВА L110 D15 B E;0;0;0;0;0;0;0;0;1;93;0;0;0;;0;0
3347433;BS-10;aqua2_stm;АКВА L110 D15 C E;0;0;1;1;1;1;0;0;0;0;0;0;0;;0;0
3347458;BS-07;AQUA2;АКВА L110 D15 B E;0;0;1;1;1;1;0;0;0;0;0;0;0;;0;0
3350782;BS-02;aqua2_nvt_wa_stm;АКВА L110 D15 C E;0;0;0;0;0;0;0;0;0;0;0;0;0;;0;0
3351652;BS-06;aqua2_stm;АКВА L110 D15 C E;0;0;0;0;0;0;0;0;0;0;1;32;0;;0;0
3351997;BS-04;aqua2_nvt_wa_stm;АКВА L110 D15 C E;0;0;0;0;0;0;0;0;0;0;1;103;0;;0;0
3357274;BS-01;aqua2_nvt_wa_stm;АКВА L110 D15 B E;0;0;0;0;0;0;0;0;0;0;1;88;0;;0;0
3362448;BS-09;aqua2_stm;АКВА L110 D15 B E;1;1;0;0;0;0;0;0;0;0;0;0;0;;0;0
3363221;BS-08;aqua2_nvt_wa_stm;АКВА L110 D15 C E;0;0;0;0;1;1;0;0;1;105;0;0;0;;0;0
3365087;BS-03;aqua2_stm;АКВА L110 D15 B E;0;0;0;0;0;0;0;0;0;0;1;42;0;;0;0
3369110;BS-02;aqua2_nvt_wa_stm;АКВА L110 D15 C E;0;0;0;0;0;0;0;0;0;0;0;0;0;;0;0
3370249;BS-08;aqua2_nvt_wa_stm;АКВА L110 D15 C E;0;0;0;0;0;0;0;0;0;0;0;0;0;;0;0
3372177;BS-04;aqua2_nvt_wa_stm;АКВА L110 D15 C E;0;0;0;0;0;0;0;0;0;0;1;88;0;;0;0
3374606;BS-02;aqua2_nvt_wa_stm;АКВА L110 D15 B E;0;0;0;0;0;0;0;0;0;0;0;0;0;;0;0
3375206;BS-03;aqua2_nvt_wa_stm;АКВА L110 D15 C E;0;0;0;0;0;0;0;0;0;0;0;0;0;;0;0
3377158;BS-05;aqua2_nvt_wa_stm;АКВА L110 D15 C E;0;0;0;0;0;0;0;0;0;0;0;0;0;;0;0
3378819;BS-08;aqua2_nvt_wa_stm;АКВА L110 D15 C E;0;0;0;0;0;0;0;0;0;0;0;0;0;;0;0
3379581;BS-09;aqua2_stm;АКВА L110 D15 C E;0;0;0;0;0;0;0;0;1;171;0;0;0;;0;0
3382090;BS-07;AQUA2;АКВА L110 D15 B E;0;0;0;0;0;0;0;0;0;0;0;0;0;;0;0
3383956;BS-07;AQUA2;АКВА L110 D15 B E;0;0;0;0;0;0;0;0;0;0;0;0;0;;0;0
3385469;BS-08;aqua2_nvt_wa_stm;АКВА L110 D15 C E;0;0;0;0;1;4;0;0;0;0;0;0;0;;0;0
3394171;BS-02;aqua2_nvt_wa_stm;АКВА L110 D15 C E;0;0;0;0;0;0;0;0;0;0;0;0;0;;0;0
3397815;BS-06;aqua2_stm;АКВА L110 D15 C E;0;0;0;0;0;0;0;0;1;222;0;0;0;;0;0
3399315;BS-03;aqua2_stm;АКВА L110 D15 B E;0;0;0;0;0;0;0;0;1;270;0;0;0;;0;0
3409372;BS-06;aqua2_stm;АКВА L110 D15 C E;0;0;0;0;0;0;0;0;0;0;0;0;0;;0;0
3410653;BS-10;aqua2_nvt_wa_stm;АКВА L110 D15 B E;0;0;0;0;0;0;0;0;0;0;1;38;0;;0;0
3411383;BS-01;aqua2_stm;АКВА L110 D15 C E;0;0;0;0;0;0;0;0;0;0;0;0;0;;0;0
3412964;BS-10;aqua2_nvt_wa_stm;АКВА L110 D15 C E;0;0;0;0;0;0;0;0;0;0;0;0;0;;0;0
3413887;BS-09;aqua2_stm;АКВА L110 D15 C E;0;0;0;0;0;0;0;0;0;0;0;0;1;5.791608;0;0
3416095;BS-07;AQUA2;АКВА L110 D15 B E;0;0;0;0;0;0;0;0;0;0;0;0;0;;0;0
3418502;BS-07;AQUA2;АКВА L110 D15 B E;1;1;1;1;1;1;1;1;0;0;0;0;0;;0;0
3421979;BS-10;aqua2_nvt_wa_stm;АКВА L110 D15 C E;0;0;0;0;0;0;0;0;0;0;0;0;0;;0;0
3423847;BS-04;aqua2_nvt_wa_stm;АКВА L110 D15 B E;0;0;0;0;0;0;0;0;0;0;1;59;0;;0;0
3426533;BS-01;aqua2_stm;АКВА L110 D15 B E;0;0;0;0;0;0;0;0;0;0;0;0;0;;0;0
3427597;BS-05;aqua2_nvt_wa_stm;АКВА L110 D15 C E;0;0;0;0;0;0;0;0;0;0;0;0;0;;0;0
3427965;BS-09;aqua2_stm;АКВА L110 D15 C E;0;0;0;0;0;0;0;0;0;0;0;0;0;;0;0
3428516;BS-02;aqua2_nvt_wa_stm;АКВА L110 D15 C E;0;0;0;0;0;0;0;0;0;0;0;0;0;;0;0
3435498;BS-07;aqua2_stm;АКВА L110 D15 B E;0;0;0;0;0;0;0;0;0;0;0;0;0;;0;0
3438513;BS-07;aqua2_stm;АКВА L110 D15 B E;0;0;0;0;0;0;0;0;1;195;0;0;0;;0;0
3444727;BS-04;aqua2_nvt_wa_stm;АКВА L110 D15 B E;0;0;0;0;0;0;0;0;0;0;0;0;0;;0;0
3445926;BS-10;aqua2_stm;АКВА L130 D20 C E;0;0;1;121;1;7;0;0;0;0;0;0;0;;0;0
3446560;BS-08;aqua2_nvt_wa_stm;АКВА L110 D15 B E;0;0;0;0;0;0;0;0;0;0;1;39;0;;0;0
3450773;BS-06;aqua2_stm;АКВА L110 D15 C E;0;0;0;0;0;0;0;0;0;0;0;0;0;;0;0
3454402;BS-02;aqua2_nvt_wa_stm;АКВА L110 D15 B E;0;0;0;0;0;0;0;0;0;0;0;0;0;;0;0
3461483;BS-06;aqua2_stm;АКВА L110 D15 C E;0;0;0;0;0;0;0;0;0;0;0;0;0;;0;0
3464121;BS-07;AQUA2;АКВА L110 D15 B E;0;0;0;0;0;0;0;0;0;0;0;0;0;;0;0
3468632;BS-07;AQUA2;АКВА L110 D15 B E;0;0;0;0;0;0;0;0;1;110;0;0;0;;0;0
3474493;BS-09;aqua2_stm;АКВА L110 D15 C E;0;0;0;0;1;1;0;0;0;0;0;0;0;;0;0
3479467;BS-03;aqua2_nvt_wa_stm;АКВА L110 D15 C E;0;0;1;1;1;1;0;0;0;0;0;0;0;;0;0
3479583;BS-08;aqua2_nvt_wa_stm;АКВА L110 D15 C E;0;0;0;0;0;0;0;0;0;0;0;0;0;;0;0
3481785;BS-09;aqua2_stm;АКВА L110 D15 C E;0;0;0;0;0;0;0;0;0;0;1;134;0;;0;0
3482324;BS-03;aqua2_nvt_wa_stm;АКВА L110 D15 C E;0;0;0;0;0;0;0;0;0;0;1;148;0;;0;0
3483012;BS-08;aqua2_nvt_wa_stm;АКВА L110 D15 B E;0;0;0;0;0;0;0;0;0;0;0;0;0;;0;0
3488805;BS-04;aqua2_nvt_wa_stm;АКВА L110 D15 C E;0;0;0;0;0;0;0;0;0;0;1;64;0;;0;0
3489889;BS-04;aqua2_nvt_wa_stm;АКВА L110 D15 C E;0;0;0;0;0;0;0;0;0;0;0;0;0;;0;0
3491322;BS-06;aqua2_stm;АКВА L110 D15 C E;0;0;0;0;0;0;0;0;0;0;0;0;0;;0;0
3493583;BS-01;aqua2_nvt_wa_stm;АКВА L110 D15 C E;0;0;0;0;0;0;0;0;0;0;0;0;0;;0;0
3499191;BS-04;aqua2_nvt_wa_stm;АКВА L110 D15 B E;0;0;0;0;0;0;0;0;0;0;1;79;0;;0;0
3507105;BS-09;aqua2_stm;АКВА L110 D15 C E;0;0;0;0;0;0;0;0;0;0;1;79;0;;0;0
3508958;BS-08;aqua2_nvt_wa_stm;АКВА L110 D15 C E;0;0;0;0;0;0;0;0;0;0;1;78;0;;0;0
3509744;BS-04;aqua2_nvt_wa_stm;АКВА L110 D15 B E;0;0;0;0;0;0;0;0;0;0;1;39;0;;0;0
3512307;BS-09;aqua2_stm;АКВА L110 D15 C E;0;0;0;0;1;6;0;0;0;0;0;0;0;;0;0
3517263;BS-06;aqua2_stm;АКВА L110 D15 C E;0;0;0;0;0;0;0;0;0;0;0;0;0;;0;0
3521717;BS-02;aqua2_stm;АКВА L110 D15 C E;0;0;0;0;0;0;0;0;0;0;0;0;0;;0;0
3523310;BS-03;aqua2_stm;АКВА L110 D15 B E;0;0;0;0;1;4;0;0;1;113;0;0;1;3.500052;0;0
3530292;BS-06;aqua2_stm;АКВА L110 D15 C E;0;0;0;0;1;1;0;0;0;0;0;0;0;;0;0
3532563;BS-02;aqua2_nvt_wa_stm;АКВА L110 D15 C E;0;0;0;0;0;0;0;0;0;0;0;0;0;;0;0
3533190;BS-10;aqua2_nvt_wa_stm;АКВА L110 D15 C E;0;0;0;0;0;0;0;0;0;0;0;0;0;;0;0
3545523;BS-10;aqua2_stm;АКВА L110 D15 C E;0;0;0;0;0;0;0;0;0;0;0;0;0;;0;0
3547891;BS-09;aqua2_stm;АКВА L110 D15 C E;0;0;0;0;0;0;0;0;0;0;1;91;0;;0;0
3550771;BS-01;aqua2_stm;АКВА L110 D15 C E;0;0;0;0;0;0;0;0;0;0;0;0;0;;0;0
3551241;BS-09;aqua2_stm;АКВА L110 D15 C E;0;0;0;0;0;0;0;0;0;0;1;142;0;;0;0
3554424;BS-04;aqua2_nvt_wa_stm;АКВА L110 D15 C E;0;0;0;0;0;0;0;0;0;0;1;75;0;;0;0
3557316;BS-03;aqua2_nvt_wa_stm;АКВА L110 D15 C E;0;0;0;0;1;1;0;0;0;0;0;0;0;;0;0
3558995;BS-07;AQUA2;АКВА L130 D20 B E;0;0;0;0;0;0;0;0;0;0;0;0;0;;0;0
3563621;BS-06;aqua2_stm;АКВА L110 D15 C E;0;0;0;0;0;0;0;0;0;0;0;0;0;;0;0
3568088;BS-10;aqua2_nvt_wa_stm;АКВА L110 D15 C E;0;0;1;90;0;0;0;0;0;0;0;0;0;;0;0
3572491;BS-05;aqua2_nvt_wa_stm;АКВА L110 D15 C E;0;0;0;0;0;0;0;0;0;0;1;85;0;;0;0
3573940;BS-09;aqua2_stm;АКВА L110 D15 C E;0;0;1;1;1;3;0;0;0;0;0;0;0;;0;0
3576176;BS-04;aqua2_nvt_wa_stm;АКВА L110 D15 B E;0;0;0;0;0;0;0;0;0;0;1;93;0;;0;0
3577864;BS-07;AQUA2;АКВА L110 D15 B E;0;0;0;0;1;1;0;0;0;0;0;0;0;;0;0
3586745;BS-08;aqua2_nvt_wa_stm;АКВА L110 D15 C E;0;0;0;0;0;0;0;0;0;0;0;0;0;;0;0
3587823;BS-05;AQUA2;;0;0;1;1;1;1;0;0;0;0;0;0;0;;0;0
3589328;BS-09;aqua2_stm;АКВА L110 D15 C E;0;0;0;0;0;0;0;0;0;0;0;0;0;;0;0
3590034;BS-01;aqua2_nvt_wa_stm;АКВА L110 D15 C E;0;0;0;0;0;0;0;0;0;0;1;49;0;;0;0
3592881;BS-10;aqua2_stm;АКВА L110 D15 C E;0;0;0;0;0;0;0;0;0;0;0;0;0;;0;0
3593021;BS-02;aqua2_nvt_wa_stm;АКВА L110 D15 C E;0;0;0;0;0;0;0;0;0;0;0;0;0;;0;0
3595311;BS-07;aqua2_nvt_wa_stm;АКВА L110 D15 B E;0;0;0;0;0;0;0;0;0;0;0;0;0;;0;0
3596053;BS-02;aqua2_stm;АКВА L110 D15 C E;0;0;0;0;0;0;0;0;0;0;0;0;0;;0;0
3596132;BS-02;aqua2_nvt_wa_stm;АКВА L110 D15 C E;0;0;0;0;0;0;0;0;0;0;0;0;0;;0;0
3600188;BS-06;AQUA2;АКВА L110 D15 B E;0;0;0;0;0;0;0;0;0;0;0;0;0;;0;0
3602528;BS-04;aqua2_nvt_wa_stm;АКВА L110 D15 C E;0;0;0;0;0;0;0;0;0;0;1;56;0;;0;0
3603684;BS-08;aqua2_nvt_wa_stm;АКВА L110 D15 C E;0;0;0;0;0;0;0;0;0;0;0;0;0;;0;0
3605082;BS-02;aqua2_nvt_wa_stm;АКВА L110 D15 C E;0;0;0;0;0;0;0;0;0;0;0;0;0;;0;0
3606211;BS-10;aqua2_nvt_wa_stm;АКВА L110 D15 C E;0;0;0;0;0;0;0;0;0;0;0;0;0;;0;0
3606714;BS-10;aqua2_stm;АКВА L110 D15 C E;0;0;1;40;0;0;0;0;0;0;0;0;0;;0;0
3607789;BS-01;aqua2_nvt_wa_stm;АКВА L110 D15 C E;0;0;0;0;0;0;0;0;0;0;0;0;0;;0;0
3608166;BS-08;aqua2_nvt_wa_stm;АКВА L110 D15 C E;0;0;0;0;0;0;0;0;0;0;1;75;0;;0;0
3608551;BS-10;aqua2_nvt_wa_stm;АКВА L110 D15 C E;0;0;1;1;1;4;0;0;0;0;0;0;0;;0;0
3608668;BS-01;aqua2_nvt_wa_stm;АКВА L110 D15 B E;0;0;0;0;0;0;0;0;0;0;0;0;0;;0;0
3618095;BS-04;aqua2_nvt_wa_stm;АКВА L110 D15 C E;0;0;0;0;0;0;0;0;0;0;1;59;0;;0;0
3618593;BS-04;aqua2_nvt_wa_stm;АКВА L110 D15 C E;0;0;0;0;0;0;0;0;0;0;1;49;0;;0;0
3621831;BS-10;aqua2_nvt_wa_stm;АКВА L110 D15 C E;0;0;0;0;0;0;0;0;0;0;0;0;0;;0;0
3623568;BS-03;aqua2_stm;АКВА L110 D15 C E;0;0;0;0;0;0;0;0;0;0;0;0;0;;0;0
3624975;BS-08;aqua2_nvt_wa_stm;АКВА L110 D15 C E;0;0;0;0;0;0;0;0;0;0;0;0;0;;0;0
3628560;BS-03;aqua2_stm;АКВА L110 D15 B E;0;0;0;0;0;0;0;0;1;121;0;0;0;;0;0
3638792;BS-04;aqua2_nvt_wa_stm;АКВА L110 D15 C E;0;0;0;0;0;0;0;0;0;0;0;0;0;;0;0
3643098;BS-07;AQUA2;АКВА L110 D15 B E;0;0;0;0;0;0;0;0;0;0;0;0;0;;0;0
3647452;BS-01;aqua2_nvt_wa_stm;АКВА L110 D15 B E;0;0;0;0;0;0;0;0;0;0;0;0;0;;0;0
3656121;BS-02;aqua2_nvt_wa_stm;АКВА L110 D15 C E;0;0;0;0;0;0;0;0;0;0;0;0;0;;0;0
3663030;BS-07;aqua2_stm;АКВА L110 D15 B E;0;0;0;0;1;1;0;0;1;174;0;0;0;;0;0
3667817;BS-02;aqua2_stm;АКВА L110 D15 C E;0;0;0;0;0;0;0;0;0;0;0;0;0;;0;0
3670432;BS-04;aqua2_nvt_wa_stm;АКВА L110 D15 B E;0;0;0;0;0;0;0;0;0;0;1;98;0;;0;0
3671498;BS-09;aqua2_stm;АКВА L110 D15 C E;0;0;0;0;0;0;0;0;1;93;0;0;1;4.658089;0;0
3672722;BS-08;aqua2_nvt_wa_stm;АКВА L110 D15 B E;0;0;0;0;0;0;0;0;0;0;0;0;0;;0;0
3679615;BS-07;aqua2_stm;АКВА L110 D15 B E;0;0;0;0;0;0;0;0;1;115;0;0;0;;0;0
3681521;BS-06;aqua2_stm;АКВА L110 D15 C E;0;0;0;0;0;0;0;0;0;0;1;38;0;;0;0
3684437;BS-08;aqua2_nvt_wa_stm;АКВА L110 D15 C E;0;0;0;0;0;0;0;0;0;0;0;0;0;;0;0
3685091;BS-09;aqua2_stm;АКВА L110 D15 C E;0;0;0;0;0;0;0;0;1;100;0;0;0;;0;0
3690990;BS-04;aqua2_nvt_wa_stm;АКВА L110 D15 C E;0;0;0;0;0;0;0;0;0;0;1;56;0;;0;0
3692325;BS-07;AQUA2;АКВА L110 D15 B E;0;0;0;0;0;0;0;0;1;200;0;0;0;;0;0
3692442;BS-09;aqua2_stm;АКВА L110 D15 C E;0;0;0;0;0;0;0;0;0;0;0;0;0;;0;0
3693140;BS-02;aqua2_nvt_wa_stm;АКВА L110 D15 C E;0;0;0;0;0;0;0;0;0;0;0;0;0;;0;0
3698283;BS-06;aqua2_stm;АКВА L110 D15 B E;0;0;0;0;0;0;0;0;0;0;0;0;0;;0;0
3699232;BS-10;aqua2_nvt_wa_stm;АКВА L110 D15 C E;0;0;0;0;1;1;0;0;0;0;0;0;0;;0;0
3702762;BS-09;aqua2_stm;АКВА L110 D15 C E;0;0;0;0;0;0;0;0;0;0;0;0;0;;0;0
3705092;BS-01;aqua2_nvt_wa_stm;АКВА L110 D15 B E;0;0;0;0;0;0;0;0;0;0;1;92;0;;0;0
3711173;BS-03;aqua2_stm;АКВА L110 D15 B E;0;0;0;0;0;0;0;0;0;0;0;0;0;;0;0
3712542;BS-01;aqua2_nvt_wa_stm;АКВА L110 D15 C E;0;0;0;0;0;0;0;0;0;0;0;0;0;;0;0
3713547;BS-04;aqua2_nvt_wa_stm;АКВА L110 D15 C E;0;0;0;0;0;0;0;0;0;0;1;128;0;;0;0
3714058;BS-09;aqua2_stm;АКВА L110 D15 B E;0;0;0;0;0;0;0;0;0;0;1;124;0;;0;0
3720200;BS-04;aqua2_nvt_wa_stm;АКВА L110 D15 B E;0;0;0;0;0;0;0;0;0;0;1;75;0;;0;0
3723284;BS-09;aqua2_stm;АКВА L110 D15 C E;0;0;0;0;0;0;0;0;1;91;0;0;1;5.926829;0;0
3724951;BS-06;AQUA2;АКВА L110 D15 B E;1;1;0;0;0;0;0;0;0;0;0;0;0;;0;0
3733593;BS-07;AQUA2;АКВА L110 D15 B E;0;0;0;0;0;0;0;0;1;106;0;0;0;;0;0
3736963;BS-03;aqua2_stm;АКВА L110 D15 C E;0;0;0;0;0;0;0;0;0;0;0;0;0;;0;0
3742286;BS-02;aqua2_stm;АКВА L110 D15 C E;0;0;0;0;0;0;0;0;0;0;0;0;0;;0;0
3743114;BS-04;aqua2_stm;АКВА L110 D15 C E;0;0;1;45;1;35;0;0;0;0;0;0;1;7.085118;0;0
3744689;BS-10;aqua2_nvt_wa_stm;АКВА L110 D15 C E;0;0;0;0;0;0;0;0;0;0;0;0;0;;0;0
3746101;BS-07;AQUA2;АКВА L110 D15 B E;0;0;0;0;0;0;0;0;0;0;0;0;1;6.333333;0;0
3746583;BS-06;aqua2_stm;АКВА L110 D15 B E;0;0;0;0;0;0;0;0;1;103;0;0;0;;0;0
3747554;BS-10;aqua2_nvt_wa_stm;АКВА L110 D15 C E;0;0;0;0;0;0;0;0;0;0;0;0;0;;0;0
3753316;BS-02;aqua2_nvt_wa_stm;АКВА L110 D15 C E;0;0;0;0;0;0;0;0;0;0;0;0;0;;0;0
3755099;BS-06;aqua2_stm;АКВА L110 D15 B E;0;0;0;0;0;0;0;0;0;0;0;0;0;;0;0
3755752;BS-01;aqua2_nvt_wa_stm;АКВА L110 D15 C E;0;0;0;0;0;0;0;0;0;0;0;0;0;;0;0
3757624;BS-01;aqua2_nvt_wa_stm;АКВА L110 D15 B E;0;0;0;0;0;0;0;0;0;0;0;0;0;;0;0
3757882;BS-06;aqua2_stm;АКВА L110 D15 C E;0;0;0;0;0;0;0;0;0;0;0;0;0;;0;0
3758075;BS-09;aqua2_stm;АКВА L110 D15 B E;0;0;0;0;1;1;0;0;0;0;0;0;0;;0;0
3760645;BS-08;aqua2_nvt_wa_stm;АКВА L110 D15 C E;0;0;0;0;0;0;0;0;0;0;0;0;0;;0;0
3760765;BS-10;aqua2_nvt_wa_stm;АКВА L110 D15 C E;0;0;0;0;0;0;0;0;0;0;0;0;0;;0;0
3761383;BS-06;aqua2_nvt_wa_stm;АКВА L110 D15 B E;0;0;1;74;0;0;0;0;0;0;0;0;0;;0;0
3763659;BS-09;aqua2_stm;АКВА L110 D15 C E;0;0;0;0;0;0;0;0;0;0;0;0;0;;0;0
3764023;BS-07;AQUA2;АКВА L110 D15 B E;0;0;0;0;0;0;0;0;0;0;0;0;0;;0;0
3769332;BS-09;aqua2_stm;АКВА L110 D15 C E;0;0;0;0;0;0;0;0;0;0;0;0;0;;0;0
3782827;BS-08;aqua2_stm;АКВА L110 D15 B E;0;0;0;0;0;0;0;0;0;0;0;0;0;;0;0
3785851;BS-06;aqua2_stm;АКВА L110 D15 B E;0;0;0;0;0;0;0;0;0;0;0;0;0;;0;0
3788388;BS-10;aqua2_stm;АКВА L110 D15 C E;0;0;1;15;0;0;0;0;0;0;0;0;0;;0;0
3789036;BS-06;AQUA2;АКВА L110 D15 B E;0;0;0;0;0;0;0;0;1;97;0;0;0;;0;0
3791726;BS-02;aqua2_nvt_wa_stm;АКВА L110 D15 C E;0;0;0;0;0;0;0;0;0;0;0;0;0;;0;0
3799156;BS-03;aqua2_stm;АКВА L110 D15 C E;0;0;0;0;0;0;0;0;0;0;0;0;0;;0;0
3801222;BS-07;AQUA2;АКВА L110 D15 B E;0;0;0;0;0;0;0;0;0;0;0;0;0;;0;0
3802173;BS-04;aqua2_nvt_wa_stm;АКВА L110 D15 C E;0;0;0;0;0;0;0;0;0;0;1;60;0;;0;0
3802387;BS-07;AQUA2;АКВА L110 D15 B E;0;0;0;0;0;0;0;0;0;0;0;0;0;;0;0
3803919;BS-07;AQUA2;АКВА L110 D15 B E;0;0;0;0;0;0;0;0;0;0;0;0;1;7.364162;0;0
3806454;BS-10;aqua2_nvt_wa_stm;АКВА L110 D15 C E;0;0;0;0;0;0;0;0;0;0;0;0;0;;0;0
3808331;BS-10;aqua2_nvt_wa_stm;АКВА L110 D15 C E;0;0;0;0;0;0;0;0;0;0;0;0;0;;0;0
3811237;BS-05;aqua2_stm;АКВА L110 D15 B E;0;0;1;1;1;1;0;0;1;117;0;0;0;;0;0
3817808;BS-05;aqua2_nvt_wa_stm;АКВА L110 D15 C E;0;0;0;0;0;0;0;0;0;0;1;54;0;;0;0
3819860;BS-10;AQUA2;АКВА L110 D15 C E;0;0;0;0;0;0;0;0;0;0;1;78;0;;0;0
3820639;BS-06;aqua2_stm;АКВА L110 D15 B E;0;0;0;0;0;0;0;0;0;0;0;0;0;;0;0