metric;value
devices_total;3000
reading_rows;693443
adjacent_daily_pairs;616414
pairs_skipped_due_to_date_gap;74029
devices_with_any_main_anomaly;1361
negative_devices;79
negative_days;190
absolute_spike_devices;232
absolute_spike_days;3945
relative_spike_devices;362
relative_spike_days;1567
unrealistic_devices;59
unrealistic_days;318
leak_candidate_devices;307
zero_consumption_devices;694
step_change_devices;121
magnet_eligible_days;1784
magnet_drop_50pct_days;320
nonmagnet_eligible_days;315644
nonmagnet_drop_50pct_days;53086
local_magnet_candidate_devices;22
positive_gt100_near_327_68;193
positive_gt100_total;281
negative_near_327_68;108
unrealistic_type_AQUA2;56
unrealistic_bs_07_05_03;55
chronic_high_devices;6
